game_id,episode,act,rank,date,agent,map,outcome,round_wins,round_losses,kills,deaths,assists,kdr,avg_dmg_delta,headshot_pct,avg_dmg,acs,num_frag
1,6,3,Iron 1,01/02/2023,Phoenix,Bind,Loss,9,15,9,12,6,0.75,-44,35,153,162,10
2,3,2,Iron 1,01/03/2023,Cypher,Split,Win,0,15,29,9,7,3.22,87,78,108,2,3
3,3,2,Iron 1,01/04/2023,KAY/O,Lotus,Loss,9,2,4,27,19,0.15,51,81,255,237,10
4,6,1,Iron 1,01/05/2023,Breach,Fracture,Win,6,5,22,11,7,2.0,-22,13,118,109,7
5,1,2,Iron 1,01/06/2023,Phoenix,Icebox,Loss,1,13,13,7,17,1.86,9,54,233,121,10
6,5,3,Iron 1,01/07/2023,Breach,Haven,Loss,1,9,11,20,14,0.55,93,93,242,63,0
7,4,1,Iron 1,01/08/2023,KAY/O,Bind,Win,14,5,6,20,9,0.3,-10,34,107,42,2
8,1,1,Iron 1,01/09/2023,Cypher,Icebox,Loss,0,9,8,15,2,0.53,-78,2,199,65,4
9,5,1,Iron 1,01/10/2023,Cypher,Pearl,Loss,5,15,13,23,14,0.57,50,92,91,15,8
10,6,2,Iron 1,01/11/2023,Phoenix,Bind,Win,5,5,26,20,5,1.3,13,77,222,8,2
11,4,3,Iron 1,01/12/2023,Breach,Haven,Win,15,1,16,11,8,1.45,-83,73,256,114,3
12,6,1,Iron 1,01/13/2023,Cypher,Ascent,Loss,3,6,19,29,1,0.66,-36,58,285,26,4
13,6,3,Iron 1,01/14/2023,Phoenix,Split,Loss,6,1,5,2,16,2.5,39,91,152,143,6
14,2,1,Iron 1,01/15/2023,KAY/O,Fracture,Loss,13,3,9,27,8,0.33,-61,44,39,154,4
15,1,3,Iron 1,01/16/2023,Breach,Ascent,Loss,0,14,19,23,15,0.83,-56,53,130,232,8
16,2,1,Iron 1,01/17/2023,Breach,Haven,Loss,15,9,6,22,4,0.27,77,47,227,182,1
17,3,1,Iron 1,01/18/2023,KAY/O,Fracture,Win,3,1,9,30,12,0.3,24,81,60,76,1
18,1,2,Iron 1,01/19/2023,Brimstone,Lotus,Win,12,6,6,4,0,1.5,-54,38,145,16,6
19,4,2,Iron 1,01/20/2023,Brimstone,Icebox,Win,15,7,2,21,12,0.1,99,6,59,52,1
20,3,2,Iron 1,01/21/2023,Cypher,Split,Win,8,2,8,22,19,0.36,-63,56,241,170,4
21,6,2,Iron 2,01/22/2023,KAY/O,Icebox,Loss,9,10,19,8,9,2.38,-50,90,236,209,4
22,4,1,Iron 2,01/23/2023,Phoenix,Split,Loss,7,4,24,0,19,24.0,-66,75,289,18,5
23,5,1,Iron 2,01/24/2023,Breach,Bind,Win,8,13,4,11,17,0.36,-51,71,254,43,9
24,1,3,Iron 2,01/25/2023,KAY/O,Bind,Win,12,2,17,0,0,17.0,-14,60,60,3,3
25,3,1,Iron 2,01/26/2023,Phoenix,Split,Win,6,11,15,0,20,15.0,-58,25,166,269,3
26,5,1,Iron 2,01/27/2023,Phoenix,Lotus,Win,14,9,23,1,11,23.0,-21,43,229,255,5
27,6,1,Iron 3,01/28/2023,Breach,Ascent,Win,2,1,17,14,5,1.21,67,16,7,154,6
28,1,3,Iron 3,01/29/2023,KAY/O,Lotus,Win,10,3,29,21,4,1.38,81,39,223,154,5
29,2,1,Iron 3,01/30/2023,KAY/O,Ascent,Win,7,6,30,27,12,1.11,45,89,48,246,5
30,4,1,Iron 3,01/31/2023,Cypher,Split,Loss,5,3,21,23,18,0.91,-40,16,268,88,7
31,6,1,Iron 3,02/01/2023,KAY/O,Haven,Win,10,2,19,20,2,0.95,72,59,242,67,9
32,6,2,Iron 3,02/02/2023,Cypher,Bind,Win,0,11,27,9,11,3.0,-53,23,43,272,7
33,3,1,Bronze 1,02/03/2023,Phoenix,Bind,Loss,4,14,13,11,13,1.18,-55,43,71,297,8
34,4,2,Bronze 1,02/04/2023,Cypher,Pearl,Win,9,15,24,21,18,1.14,51,29,101,106,10
35,4,1,Bronze 1,02/05/2023,KAY/O,Bind,Loss,7,8,17,21,14,0.81,54,45,15,211,4
36,5,2,Bronze 1,02/06/2023,KAY/O,Lotus,Loss,6,7,8,7,20,1.14,50,14,62,206,7
37,5,3,Bronze 1,02/07/2023,Cypher,Fracture,Loss,2,15,13,14,6,0.93,-47,84,192,245,3
38,5,2,Bronze 1,02/08/2023,Phoenix,Pearl,Win,13,15,25,28,11,0.89,13,5,259,149,7
39,5,1,Bronze 1,02/09/2023,Breach,Pearl,Loss,4,8,17,3,0,5.67,75,42,67,57,10
40,6,1,Bronze 1,02/10/2023,Breach,Ascent,Win,6,14,24,4,13,6.0,-85,66,44,110,7
41,4,2,Bronze 1,02/11/2023,Breach,Bind,Win,1,3,3,5,15,0.6,-79,84,176,283,1
42,4,1,Bronze 1,02/12/2023,Phoenix,Bind,Loss,9,5,24,27,10,0.89,-82,9,144,221,6
43,2,1,Bronze 1,02/13/2023,Breach,Ascent,Loss,12,14,23,21,1,1.1,-89,18,84,76,9
44,2,2,Bronze 1,02/14/2023,Breach,Haven,Loss,0,0,26,16,8,1.62,-33,61,157,193,8
45,2,2,Bronze 1,02/15/2023,Cypher,Icebox,Loss,11,9,18,3,3,6.0,64,63,27,22,7
46,1,3,Bronze 1,02/16/2023,Brimstone,Icebox,Win,10,3,20,1,11,20.0,-48,1,160,74,8
47,2,2,Bronze 1,02/17/2023,Cypher,Ascent,Win,2,6,20,30,10,0.67,34,94,18,163,4
48,3,1,Bronze 1,02/18/2023,Phoenix,Split,Win,1,6,17,10,15,1.7,-93,32,273,229,1
49,3,3,Bronze 1,02/19/2023,KAY/O,Haven,Loss,14,1,8,21,5,0.38,-7,64,130,46,4
50,4,1,Bronze 1,02/20/2023,Breach,Haven,Win,0,10,30,2,9,15.0,-65,70,223,179,5
51,3,2,Bronze 1,02/21/2023,Breach,Bind,Loss,6,14,19,25,10,0.76,67,76,46,178,2
52,2,3,Bronze 1,02/22/2023,Brimstone,Bind,Loss,14,5,23,2,20,11.5,-36,48,290,269,0
53,1,1,Bronze 1,02/23/2023,Phoenix,Haven,Win,10,4,6,12,15,0.5,99,45,215,73,10
54,4,1,Bronze 1,02/24/2023,Cypher,Bind,Win,13,14,4,9,3,0.44,59,61,6,249,10
55,3,1,Bronze 1,02/25/2023,Brimstone,Ascent,Win,15,1,23,4,5,5.75,-78,60,285,172,9
56,4,1,Bronze 2,02/26/2023,Breach,Ascent,Loss,12,0,6,18,16,0.33,92,51,258,264,10
57,2,1,Bronze 2,02/27/2023,Phoenix,Fracture,Win,13,10,1,4,20,0.25,-38,5,216,33,2
58,5,1,Bronze 2,02/28/2023,Brimstone,Fracture,Loss,11,5,27,3,8,9.0,-15,8,7,0,3
59,4,2,Bronze 2,03/01/2023,Breach,Pearl,Loss,13,13,21,7,5,3.0,-64,64,188,95,3
60,5,1,Bronze 2,03/02/2023,Breach,Bind,Loss,7,4,28,5,3,5.6,-42,50,14,87,2
61,2,2,Bronze 2,03/03/2023,Cypher,Lotus,Loss,10,9,17,19,16,0.89,-75,26,137,108,8
62,6,1,Bronze 2,03/04/2023,KAY/O,Lotus,Win,12,10,19,15,10,1.27,-30,36,162,236,4
63,6,2,Bronze 2,03/05/2023,Brimstone,Lotus,Loss,14,7,13,23,13,0.57,42,97,174,67,8
64,5,2,Bronze 2,03/06/2023,Phoenix,Haven,Loss,5,7,18,0,10,18.0,5,75,205,271,0
65,4,1,Bronze 2,03/07/2023,Brimstone,Lotus,Win,7,2,19,11,20,1.73,-96,17,58,278,0
66,2,3,Bronze 2,03/08/2023,Brimstone,Ascent,Win,9,4,18,19,14,0.95,-84,97,229,123,1
67,5,2,Bronze 2,03/09/2023,Phoenix,Ascent,Loss,8,12,19,0,9,19.0,-95,43,75,75,4
68,2,1,Bronze 2,03/10/2023,Cypher,Split,Win,10,9,28,8,2,3.5,-86,19,189,152,1
69,2,1,Bronze 2,03/11/2023,Cypher,Fracture,Win,13,4,24,19,8,1.26,-57,54,147,235,8
70,6,1,Bronze 2,03/12/2023,Breach,Split,Win,1,5,16,17,1,0.94,-14,12,70,47,0
71,4,2,Bronze 3,03/13/2023,Phoenix,Fracture,Win,7,1,9,7,12,1.29,-55,50,168,16,8
72,3,1,Bronze 3,03/14/2023,KAY/O,Ascent,Win,5,1,17,15,1,1.13,47,51,31,139,8
73,3,3,Bronze 3,03/15/2023,KAY/O,Bind,Win,5,10,16,25,19,0.64,91,98,268,13,7
74,6,3,Bronze 3,03/16/2023,Cypher,Haven,Loss,0,5,23,8,14,2.88,76,37,172,17,4
75,4,2,Bronze 3,03/17/2023,Breach,Icebox,Loss,3,4,7,29,15,0.24,-16,17,177,224,0
76,2,3,Bronze 3,03/18/2023,Cypher,Ascent,Win,6,11,18,24,14,0.75,70,51,71,37,3
77,5,1,Bronze 3,03/19/2023,Breach,Lotus,Loss,2,13,25,7,3,3.57,38,42,276,164,0
78,6,2,Bronze 3,03/20/2023,Phoenix,Pearl,Win,13,0,3,5,3,0.6,64,73,234,241,3
79,5,1,Bronze 3,03/21/2023,Cypher,Pearl,Win,4,13,14,20,10,0.7,51,99,76,201,1
80,4,2,Bronze 3,03/22/2023,Phoenix,Haven,Win,0,0,24,27,0,0.89,94,72,287,131,1
81,1,1,Silver 1,03/23/2023,Cypher,Ascent,Win,8,12,12,27,8,0.44,-15,50,78,38,4
82,3,1,Silver 1,03/24/2023,Brimstone,Lotus,Win,0,15,7,12,20,0.58,17,10,35,191,3
83,3,3,Silver 1,03/25/2023,Phoenix,Bind,Loss,7,12,16,5,5,3.2,-66,86,181,12,1
84,6,3,Silver 1,03/26/2023,Breach,Icebox,Loss,4,1,17,8,19,2.12,-52,91,293,158,0
85,2,2,Silver 1,03/27/2023,KAY/O,Icebox,Loss,9,14,14,26,0,0.54,38,22,261,271,0
86,6,3,Silver 1,03/28/2023,Breach,Icebox,Win,8,1,24,11,8,2.18,18,15,280,156,8
87,2,1,Silver 1,03/29/2023,Cypher,Haven,Win,11,8,16,26,0,0.62,-54,86,60,10,9
88,5,3,Silver 1,03/30/2023,Breach,Haven,Win,3,4,22,15,16,1.47,-51,87,259,45,8
89,5,1,Silver 1,03/31/2023,Cypher,Split,Win,13,5,19,2,0,9.5,30,36,30,80,3
90,4,1,Silver 2,04/01/2023,KAY/O,Pearl,Loss,0,12,27,1,13,27.0,-93,81,49,243,1
91,1,2,Silver 2,04/02/2023,Brimstone,Ascent,Win,4,7,20,25,19,0.8,70,17,168,226,9
92,3,3,Silver 2,04/03/2023,Phoenix,Pearl,Win,14,6,27,15,11,1.8,28,3,65,252,2
93,6,1,Silver 2,04/04/2023,Cypher,Pearl,Loss,14,8,20,3,2,6.67,-40,83,235,183,10
94,5,2,Silver 2,04/05/2023,Phoenix,Split,Win,10,3,18,14,20,1.29,-73,13,211,180,4
95,5,2,Silver 2,04/06/2023,Breach,Lotus,Win,0,13,30,22,5,1.36,23,83,169,45,8
96,6,3,Silver 2,04/07/2023,Breach,Haven,Win,9,7,1,5,2,0.2,50,84,117,238,6
97,2,3,Silver 3,04/08/2023,Cypher,Bind,Loss,4,3,17,4,0,4.25,65,34,110,246,9
98,6,1,Silver 3,04/09/2023,Cypher,Split,Win,3,5,1,3,10,0.33,-12,43,91,193,4
99,2,2,Silver 3,04/10/2023,Breach,Fracture,Win,4,2,0,23,18,0.0,72,56,21,184,5
100,4,3,Silver 3,04/11/2023,Brimstone,Pearl,Loss,3,2,27,4,17,6.75,-54,60,300,79,2
101,6,3,Silver 3,04/12/2023,KAY/O,Fracture,Loss,3,1,7,18,6,0.39,100,7,242,296,2
102,1,3,Silver 3,04/13/2023,Breach,Icebox,Loss,7,14,12,23,13,0.52,27,70,189,46,8
103,5,1,Silver 3,04/14/2023,Breach,Split,Loss,3,10,15,26,4,0.58,-4,57,90,198,10
104,5,2,Silver 3,04/15/2023,Breach,Ascent,Win,7,12,17,24,9,0.71,-64,41,109,126,5
105,4,2,Silver 3,04/16/2023,KAY/O,Fracture,Win,3,10,8,24,13,0.33,-17,21,47,237,1
106,5,3,Silver 3,04/17/2023,KAY/O,Split,Win,3,10,19,29,13,0.66,-91,85,44,201,6
107,1,3,Silver 3,04/18/2023,Cypher,Bind,Win,5,15,23,14,10,1.64,87,94,106,196,6
108,1,3,Gold 1,04/19/2023,Cypher,Icebox,Loss,12,7,0,17,19,0.0,-22,78,174,52,10
109,2,1,Gold 1,04/20/2023,Brimstone,Split,Loss,10,12,15,14,16,1.07,11,87,242,41,0
110,5,1,Gold 1,04/21/2023,Cypher,Split,Loss,5,5,29,2,2,14.5,-27,40,87,96,4
111,3,2,Gold 1,04/22/2023,Breach,Ascent,Win,10,5,10,20,11,0.5,52,89,213,278,7
112,2,3,Gold 1,04/23/2023,Breach,Fracture,Win,8,9,24,17,10,1.41,77,51,74,86,5
113,5,2,Gold 1,04/24/2023,KAY/O,Split,Loss,13,14,25,0,7,25.0,81,84,144,223,8
114,1,3,Gold 1,04/25/2023,Brimstone,Split,Loss,13,10,24,25,9,0.96,32,16,169,204,0
115,1,3,Gold 1,04/26/2023,Breach,Lotus,Loss,0,12,17,5,4,3.4,55,79,31,298,2
116,3,1,Gold 1,04/27/2023,Cypher,Pearl,Win,3,13,7,21,19,0.33,-60,75,267,90,3
117,1,1,Gold 1,04/28/2023,Brimstone,Icebox,Loss,1,7,28,17,6,1.65,-48,83,296,159,0
118,6,1,Gold 1,04/29/2023,KAY/O,Pearl,Loss,2,14,18,17,12,1.06,-74,5,168,265,3
119,4,2,Gold 1,04/30/2023,Phoenix,Pearl,Win,9,6,6,16,3,0.38,84,66,174,275,6
120,1,2,Gold 1,05/01/2023,Breach,Fracture,Loss,13,7,14,12,13,1.17,-85,5,18,204,1
121,4,2,Gold 1,05/02/2023,KAY/O,Haven,Win,12,15,15,29,8,0.52,-17,99,215,88,10
122,2,3,Gold 1,05/03/2023,Cypher,Haven,Loss,4,10,11,15,6,0.73,-31,14,283,103,9
123,2,1,Gold 1,05/04/2023,Brimstone,Ascent,Win,12,14,5,13,7,0.38,7,22,190,107,7
124,5,1,Gold 1,05/05/2023,KAY/O,Lotus,Loss,14,5,16,9,14,1.78,-94,24,289,81,5
125,4,3,Gold 1,05/06/2023,Brimstone,Bind,Loss,15,11,18,12,0,1.5,95,15,168,237,9
126,2,1,Gold 1,05/07/2023,Breach,Ascent,Loss,14,4,25,29,9,0.86,-72,69,168,292,0
127,6,3,Gold 1,05/08/2023,Cypher,Bind,Loss,5,3,0,13,2,0.0,9,5,32,217,8
128,4,3,Gold 1,05/09/2023,Cypher,Lotus,Loss,11,8,6,24,12,0.25,80,73,221,132,4
129,5,1,Gold 1,05/10/2023,Brimstone,Haven,Win,15,15,10,22,1,0.45,57,77,101,262,8
130,5,3,Gold 1,05/11/2023,Brimstone,Lotus,Win,14,1,26,19,0,1.37,33,81,159,16,7
131,2,3,Gold 1,05/12/2023,Phoenix,Bind,Win,5,9,24,17,10,1.41,35,79,18,146,5
132,6,2,Gold 1,05/13/2023,KAY/O,Bind,Win,10,4,30,27,6,1.11,76,11,245,284,10
133,2,3,Gold 2,05/14/2023,Breach,Split,Loss,0,6,19,7,14,2.71,61,49,68,85,8
134,4,1,Gold 2,05/15/2023,Cypher,Lotus,Loss,12,12,9,9,6,1.0,61,36,66,21,0
135,1,1,Gold 2,05/16/2023,KAY/O,Lotus,Loss,14,8,21,4,3,5.25,-52,50,288,170,10
136,4,2,Gold 2,05/17/2023,Phoenix,Ascent,Loss,7,10,7,12,10,0.58,-79,77,40,27,6
137,4,1,Gold 2,05/18/2023,Cypher,Icebox,Win,5,7,9,5,18,1.8,-44,3,59,17,1
138,3,1,Gold 2,05/19/2023,Phoenix,Ascent,Win,9,8,30,3,11,10.0,-16,29,263,62,5
139,1,2,Gold 2,05/20/2023,Cypher,Fracture,Win,13,10,13,29,3,0.45,15,3,13,86,4
140,1,2,Gold 2,05/21/2023,Phoenix,Haven,Loss,3,15,17,13,0,1.31,89,72,117,131,7
141,3,3,Gold 2,05/22/2023,Breach,Lotus,Win,7,15,21,0,12,21.0,-87,23,9,237,2
142,6,1,Gold 2,05/23/2023,Phoenix,Bind,Loss,1,4,21,12,6,1.75,33,36,158,208,1
143,5,2,Gold 2,05/24/2023,Cypher,Icebox,Loss,12,4,1,25,15,0.04,-43,21,134,201,1
144,1,1,Gold 2,05/25/2023,Brimstone,Pearl,Win,10,3,27,9,18,3.0,-44,48,86,271,2
145,3,3,Gold 2,05/26/2023,Brimstone,Fracture,Loss,13,15,9,0,3,9.0,-90,9,187,119,1
146,2,2,Gold 2,05/27/2023,Breach,Fracture,Loss,13,7,13,30,15,0.43,12,8,105,50,8
147,2,3,Gold 2,05/28/2023,KAY/O,Ascent,Loss,0,2,10,18,5,0.56,38,31,233,85,3
148,4,2,Gold 2,05/29/2023,Brimstone,Fracture,Loss,13,2,12,28,19,0.43,-11,12,75,278,6
149,2,3,Gold 2,05/30/2023,KAY/O,Split,Win,13,6,6,21,12,0.29,-15,23,74,219,7
150,1,1,Gold 2,05/31/2023,Phoenix,Pearl,Loss,6,11,17,0,14,17.0,62,6,6,282,6
151,6,3,Gold 2,06/01/2023,KAY/O,Pearl,Loss,10,13,25,21,6,1.19,21,23,268,25,4
152,5,1,Gold 2,06/02/2023,KAY/O,Bind,Loss,6,10,23,10,7,2.3,-44,12,189,21,4
153,3,3,Gold 2,06/03/2023,Cypher,Haven,Loss,11,9,27,2,15,13.5,-38,26,127,286,7
154,1,2,Gold 2,06/04/2023,Cypher,Split,Win,2,15,6,24,12,0.25,-46,6,104,11,6
155,4,2,Gold 2,06/05/2023,Brimstone,Ascent,Win,10,3,18,27,19,0.67,-99,32,8,105,1
156,6,2,Gold 2,06/06/2023,Cypher,Bind,Loss,7,7,16,7,5,2.29,91,55,137,106,7
157,5,2,Gold 2,06/07/2023,KAY/O,Split,Loss,7,5,19,14,6,1.36,56,30,210,110,2
158,2,3,Gold 2,06/08/2023,Breach,Bind,Win,2,8,14,3,11,4.67,67,19,289,204,3
159,4,1,Gold 2,06/09/2023,Breach,Split,Loss,13,5,21,14,5,1.5,-21,28,201,269,7
160,1,3,Gold 2,06/10/2023,KAY/O,Ascent,Win,3,10,29,26,20,1.12,95,40,112,44,6
161,3,3,Gold 2,06/11/2023,Brimstone,Pearl,Loss,8,10,19,20,20,0.95,8,40,97,230,1
162,4,2,Gold 2,06/12/2023,Cypher,Icebox,Loss,3,3,23,12,16,1.92,27,59,5,21,0
163,5,1,Gold 2,06/13/2023,Cypher,Ascent,Win,7,3,1,17,6,0.06,-48,48,33,180,4
164,4,2,Gold 2,06/14/2023,Cypher,Fracture,Win,14,5,10,9,12,1.11,-4,31,113,23,0
165,1,2,Gold 2,06/15/2023,Breach,Icebox,Win,15,2,12,18,8,0.67,-6,98,288,14,5
166,1,2,Gold 2,06/16/2023,Cypher,Ascent,Win,3,11,15,16,6,0.94,-44,97,48,194,2
167,4,1,Gold 3,06/17/2023,Breach,Split,Win,15,13,30,25,4,1.2,98,96,226,42,10
168,2,2,Gold 3,06/18/2023,Phoenix,Split,Loss,14,11,0,26,10,0.0,9,63,56,126,9
169,3,1,Gold 3,06/19/2023,Cypher,Fracture,Loss,2,6,16,25,15,0.64,-13,51,205,171,1
170,4,2,Gold 3,06/20/2023,Breach,Pearl,Win,1,1,15,27,6,0.56,-5,0,0,67,10
171,4,1,Gold 3,06/21/2023,Brimstone,Pearl,Loss,0,6,25,3,2,8.33,-36,5,275,52,9
172,1,1,Gold 3,06/22/2023,KAY/O,Split,Loss,10,12,8,7,6,1.14,11,60,277,230,1
173,6,2,Gold 3,06/23/2023,Breach,Icebox,Loss,13,1,24,29,3,0.83,-44,93,159,131,9
174,4,2,Gold 3,06/24/2023,Breach,Split,Loss,9,11,5,19,13,0.26,6,73,115,84,6
175,5,1,Gold 3,06/25/2023,Breach,Ascent,Loss,5,4,26,19,19,1.37,61,30,192,56,7
176,5,1,Gold 3,06/26/2023,Brimstone,Icebox,Win,6,10,9,24,18,0.38,75,96,141,110,4
177,5,2,Gold 3,06/27/2023,Brimstone,Fracture,Loss,0,10,16,16,2,1.0,-89,41,70,298,7
178,4,1,Gold 3,06/28/2023,Cypher,Split,Win,4,2,16,22,13,0.73,17,59,273,225,4
179,5,2,Gold 3,06/29/2023,Brimstone,Fracture,Win,9,10,18,4,9,4.5,-26,87,232,67,0
180,4,1,Gold 3,06/30/2023,Phoenix,Lotus,Win,13,0,1,8,11,0.12,95,27,169,195,0
181,3,3,Gold 3,07/01/2023,Brimstone,Lotus,Win,2,8,8,15,4,0.53,-10,74,292,236,9
182,6,1,Gold 3,07/02/2023,Breach,Bind,Win,8,4,1,15,9,0.07,15,60,27,82,5
183,1,2,Gold 3,07/03/2023,Cypher,Fracture,Loss,8,11,23,3,18,7.67,-76,6,67,287,7
184,3,1,Gold 3,07/04/2023,Cypher,Lotus,Loss,11,13,27,1,14,27.0,-10,27,228,55,5
185,5,1,Gold 3,07/05/2023,Brimstone,Pearl,Loss,0,12,20,1,0,20.0,0,2,221,256,3
186,2,1,Gold 3,07/06/2023,Phoenix,Pearl,Loss,4,0,18,30,18,0.6,-96,99,282,264,4
187,6,1,Gold 3,07/07/2023,KAY/O,Ascent,Win,3,9,29,3,10,9.67,-99,79,299,286,2
188,3,1,Gold 3,07/08/2023,Brimstone,Ascent,Win,1,6,9,21,19,0.43,36,20,201,277,3
189,4,1,Gold 3,07/09/2023,Brimstone,Ascent,Loss,13,1,27,21,18,1.29,91,54,1,295,7
190,5,2,Gold 3,07/10/2023,Cypher,Split,Win,15,7,27,21,0,1.29,97,23,236,210,1
191,4,2,Gold 3,07/11/2023,Brimstone,Bind,Loss,8,5,13,5,10,2.6,-29,23,108,273,3
192,2,3,Gold 3,07/12/2023,Phoenix,Icebox,Win,5,10,0,7,10,0.0,-46,34,112,204,6
193,2,1,Gold 3,07/13/2023,Cypher,Pearl,Win,10,9,11,9,14,1.22,21,72,85,288,9
194,4,2,Gold 3,07/14/2023,Breach,Ascent,Win,0,3,23,0,8,23.0,-90,2,268,165,4
195,5,3,Gold 3,07/15/2023,KAY/O,Fracture,Win,13,13,4,30,0,0.13,83,26,89,159,0
196,6,2,Gold 3,07/16/2023,Brimstone,Icebox,Loss,0,3,9,21,9,0.43,38,2,287,94,6
197,5,3,Gold 3,07/17/2023,Brimstone,Split,Loss,5,9,16,13,17,1.23,1,57,262,187,5
198,5,3,Gold 3,07/18/2023,Cypher,Bind,Win,4,4,28,15,16,1.87,-43,13,191,259,0
199,4,2,Gold 3,07/19/2023,Cypher,Fracture,Loss,0,15,21,21,13,1.0,26,12,89,175,10
200,2,1,Gold 3,07/20/2023,Brimstone,Bind,Loss,13,11,11,8,1,1.38,54,62,199,104,4
201,1,2,Gold 3,07/21/2023,KAY/O,Bind,Loss,10,4,4,6,17,0.67,-41,3,209,80,3
202,6,3,Gold 3,07/22/2023,Breach,Icebox,Loss,2,7,15,6,19,2.5,-50,22,259,194,1
203,6,2,Gold 3,07/23/2023,KAY/O,Ascent,Loss,15,5,8,2,2,4.0,-77,21,69,1,4
204,2,3,Gold 3,07/24/2023,Brimstone,Ascent,Loss,12,0,26,6,2,4.33,17,10,54,277,8
205,4,2,Gold 3,07/25/2023,Cypher,Icebox,Win,8,3,4,19,8,0.21,-92,45,93,211,10
206,3,1,Gold 3,07/26/2023,Cypher,Split,Win,6,1,25,3,9,8.33,-97,44,38,38,5
207,3,2,Gold 3,07/27/2023,Phoenix,Fracture,Win,6,6,16,14,20,1.14,29,99,1,93,2
208,6,3,Gold 3,07/28/2023,Brimstone,Haven,Loss,8,7,7,2,10,3.5,-37,88,219,112,0
209,1,2,Gold 3,07/29/2023,Breach,Fracture,Loss,10,8,15,29,17,0.52,-47,92,279,118,8
210,3,3,Gold 3,07/30/2023,Cypher,Haven,Loss,6,1,5,3,19,1.67,92,24,164,265,1
211,3,2,Gold 3,07/31/2023,Breach,Bind,Loss,8,12,30,27,12,1.11,-67,88,4,123,5
212,4,3,Gold 3,08/01/2023,KAY/O,Pearl,Loss,6,4,14,12,1,1.17,-3,26,79,261,6
213,6,3,Gold 3,08/02/2023,KAY/O,Split,Win,6,14,19,10,7,1.9,32,8,275,280,0
214,4,3,Gold 3,08/03/2023,Phoenix,Split,Loss,12,8,14,1,7,14.0,-83,98,259,93,2
215,2,3,Gold 3,08/04/2023,Cypher,Icebox,Win,14,14,12,13,13,0.92,47,38,215,196,5
216,2,2,Gold 3,08/05/2023,KAY/O,Bind,Win,5,5,27,15,1,1.8,24,29,132,86,1
217,1,1,Gold 3,08/06/2023,Cypher,Split,Loss,0,12,12,18,5,0.67,9,28,282,71,4
218,5,2,Gold 3,08/07/2023,Cypher,Bind,Win,3,10,20,15,17,1.33,53,10,104,145,9
219,5,3,Gold 3,08/08/2023,KAY/O,Lotus,Win,11,12,0,21,13,0.0,-99,82,86,187,1
220,5,2,Gold 3,08/09/2023,Phoenix,Split,Win,4,13,13,28,15,0.46,30,62,159,42,9
221,6,3,Gold 3,08/10/2023,Brimstone,Split,Loss,11,5,25,16,14,1.56,98,21,85,128,1
222,3,2,Gold 3,08/11/2023,Cypher,Haven,Win,15,8,23,11,13,2.09,97,69,47,215,7
223,1,1,Gold 3,08/12/2023,Breach,Bind,Win,5,7,0,5,6,0.0,92,63,85,43,5
224,3,2,Gold 3,08/13/2023,Brimstone,Lotus,Loss,13,9,19,15,18,1.27,-16,51,190,169,6
225,1,1,Gold 3,08/14/2023,KAY/O,Bind,Loss,1,6,26,24,7,1.08,97,49,284,140,1
226,3,2,Gold 3,08/15/2023,Cypher,Bind,Win,13,15,30,23,6,1.3,11,89,105,180,2
227,2,1,Gold 3,08/16/2023,KAY/O,Split,Win,10,12,5,26,18,0.19,-84,53,113,60,10
228,6,3,Gold 3,08/17/2023,Breach,Ascent,Win,15,11,29,14,16,2.07,25,15,6,192,0
229,5,1,Gold 3,08/18/2023,Breach,Fracture,Win,7,11,3,18,1,0.17,-26,18,128,126,9
230,4,1,Gold 3,08/19/2023,KAY/O,Bind,Loss,8,15,27,9,11,3.0,-55,11,63,293,1
231,1,3,Gold 3,08/20/2023,Brimstone,Split,Win,8,15,19,18,11,1.06,-48,46,23,275,10
232,1,1,Gold 3,08/21/2023,KAY/O,Lotus,Loss,5,1,22,8,20,2.75,-27,43,95,148,1
233,3,3,Gold 3,08/22/2023,Phoenix,Lotus,Loss,0,5,5,20,5,0.25,-66,25,237,165,8
234,5,2,Gold 3,08/23/2023,KAY/O,Split,Loss,10,15,4,17,18,0.24,43,16,128,183,9
235,5,1,Gold 3,08/24/2023,KAY/O,Lotus,Win,13,14,26,18,13,1.44,-22,93,141,137,2
236,4,2,Gold 3,08/25/2023,Breach,Ascent,Loss,14,3,1,8,2,0.12,-37,62,295,32,3
237,3,3,Gold 3,08/26/2023,Breach,Split,Loss,15,12,11,30,3,0.37,-19,75,172,139,6
238,3,3,Gold 3,08/27/2023,KAY/O,Lotus,Win,11,7,3,23,2,0.13,-88,89,50,59,2
239,2,3,Gold 3,08/28/2023,Brimstone,Split,Loss,9,15,0,30,17,0.0,-20,87,119,88,5
240,6,3,Gold 3,08/29/2023,KAY/O,Fracture,Loss,11,8,21,16,18,1.31,55,50,124,26,3
241,2,2,Gold 3,08/30/2023,Phoenix,Icebox,Win,12,5,24,30,4,0.8,-85,1,12,154,0
242,5,3,Gold 3,08/31/2023,Cypher,Lotus,Win,7,14,8,16,4,0.5,-71,50,102,164,6
243,3,1,Gold 3,09/01/2023,KAY/O,Bind,Loss,2,1,8,30,1,0.27,-10,54,92,147,7
244,4,2,Gold 3,09/02/2023,Brimstone,Icebox,Win,6,6,0,10,19,0.0,-8,88,43,191,10
245,1,2,Gold 3,09/03/2023,Brimstone,Bind,Win,7,15,12,5,19,2.4,44,73,98,257,4
246,2,3,Gold 3,09/04/2023,Phoenix,Haven,Win,3,9,5,20,6,0.25,58,97,190,257,8
247,2,2,Gold 3,09/05/2023,KAY/O,Bind,Loss,1,15,13,1,16,13.0,-11,44,272,175,2
248,4,2,Gold 3,09/06/2023,KAY/O,Icebox,Win,5,2,22,2,13,11.0,-11,82,259,41,2
249,4,1,Gold 3,09/07/2023,Phoenix,Pearl,Loss,7,15,29,5,4,5.8,-46,49,232,61,3
250,3,2,Gold 3,09/08/2023,Brimstone,Lotus,Loss,13,12,30,12,11,2.5,19,5,271,251,3
251,3,2,Gold 3,09/09/2023,Cypher,Pearl,Loss,6,0,13,12,13,1.08,47,23,242,89,1
252,2,1,Gold 3,09/10/2023,Phoenix,Ascent,Loss,7,6,29,8,9,3.62,-87,15,190,219,9
253,6,1,Gold 3,09/11/2023,Cypher,Icebox,Loss,4,3,15,27,7,0.56,-7,10,273,295,0
254,6,3,Gold 3,09/12/2023,Breach,Fracture,Loss,8,7,0,23,5,0.0,-30,58,81,103,5
255,3,3,Gold 3,09/13/2023,Phoenix,Icebox,Win,1,14,21,29,4,0.72,-19,36,275,158,7
256,2,3,Gold 3,09/14/2023,Phoenix,Haven,Win,8,11,8,2,2,4.0,-30,85,37,18,2
257,6,2,Gold 3,09/15/2023,KAY/O,Fracture,Loss,5,2,30,25,0,1.2,-57,57,251,71,0
258,3,2,Gold 3,09/16/2023,Brimstone,Lotus,Loss,10,12,11,23,0,0.48,62,60,184,255,6
259,4,2,Gold 3,09/17/2023,Brimstone,Icebox,Win,9,4,19,14,9,1.36,-74,95,262,139,9
260,2,1,Gold 3,09/18/2023,Cypher,Icebox,Win,6,14,10,14,19,0.71,39,16,76,42,8
261,3,1,Gold 3,09/19/2023,Breach,Pearl,Loss,9,11,24,25,19,0.96,-70,72,172,132,0
262,6,3,Gold 3,09/20/2023,Breach,Bind,Loss,13,11,7,13,10,0.54,8,67,288,171,7
263,5,2,Gold 3,09/21/2023,Brimstone,Split,Win,4,11,0,5,17,0.0,72,38,145,93,0
264,6,3,Gold 3,09/22/2023,Breach,Bind,Win,9,2,1,30,0,0.03,40,66,44,129,9
265,2,3,Gold 3,09/23/2023,Brimstone,Pearl,Win,4,4,4,15,14,0.27,-98,28,89,154,0
266,5,2,Gold 3,09/24/2023,Brimstone,Split,Loss,14,0,8,4,1,2.0,71,62,101,69,8
267,1,2,Gold 3,09/25/2023,KAY/O,Ascent,Loss,15,10,11,26,6,0.42,-2,7,278,94,0
268,6,1,Gold 3,09/26/2023,Cypher,Split,Win,11,0,26,8,1,3.25,29,21,68,143,3
269,3,1,Gold 3,09/27/2023,Phoenix,Haven,Loss,12,7,4,19,14,0.21,59,33,256,268,3
270,6,1,Gold 3,09/28/2023,Brimstone,Haven,Win,0,11,17,24,19,0.71,-58,13,20,220,1
271,1,2,Gold 3,09/29/2023,Cypher,Fracture,Loss,1,10,24,3,0,8.0,56,30,104,181,3
272,4,2,Gold 3,09/30/2023,Cypher,Bind,Win,4,6,10,15,20,0.67,-92,14,117,8,4
273,5,2,Gold 3,10/01/2023,Brimstone,Haven,Win,12,4,16,23,0,0.7,-7,4,40,144,9
274,5,1,Gold 3,10/02/2023,Breach,Split,Loss,12,12,1,13,2,0.08,-5,58,240,291,8
275,5,3,Gold 3,10/03/2023,Cypher,Pearl,Win,13,2,7,4,4,1.75,74,88,105,282,5
276,2,2,Gold 3,10/04/2023,Brimstone,Lotus,Loss,7,5,7,20,18,0.35,41,18,184,138,1
277,3,3,Gold 3,10/05/2023,KAY/O,Lotus,Win,2,0,12,1,20,12.0,-59,0,8,80,8
278,2,3,Gold 3,10/06/2023,Breach,Haven,Win,5,6,13,1,19,13.0,40,54,267,38,5
279,5,1,Gold 3,10/07/2023,Cypher,Haven,Loss,3,1,9,9,12,1.0,56,82,97,141,4
280,4,3,Gold 3,10/08/2023,Brimstone,Split,Loss,9,7,26,4,14,6.5,26,3,14,165,2
281,6,3,Gold 3,10/09/2023,Breach,Lotus,Win,9,0,28,30,12,0.93,-47,53,289,266,9
282,2,1,Gold 3,10/10/2023,Cypher,Icebox,Win,5,0,15,13,17,1.15,86,18,13,40,2
283,1,2,Gold 3,10/11/2023,Phoenix,Pearl,Win,4,11,16,8,12,2.0,-79,32,104,54,0
284,3,1,Gold 3,10/12/2023,Breach,Icebox,Loss,1,15,20,28,1,0.71,-35,57,12,1,10
285,5,1,Gold 3,10/13/2023,Cypher,Icebox,Win,2,9,16,3,16,5.33,-73,72,18,90,1
286,2,2,Gold 3,10/14/2023,Phoenix,Bind,Win,14,9,8,3,15,2.67,-68,76,245,295,0
287,6,2,Gold 3,10/15/2023,KAY/O,Lotus,Win,13,2,7,20,14,0.35,-34,66,188,240,6
288,3,2,Gold 3,10/16/2023,Breach,Pearl,Loss,6,15,15,15,0,1.0,13,84,72,133,7
289,5,3,Gold 3,10/17/2023,KAY/O,Lotus,Loss,12,5,10,18,18,0.56,-4,51,12,192,10
290,4,1,Gold 3,10/18/2023,Phoenix,Pearl,Loss,12,15,18,19,13,0.95,-100,0,266,34,7
291,2,1,Gold 3,10/19/2023,Breach,Icebox,Win,11,0,12,6,9,2.0,-81,93,223,242,7
292,1,3,Gold 3,10/20/2023,Cypher,Fracture,Win,9,10,18,21,18,0.86,48,30,143,120,10
293,4,3,Gold 3,10/21/2023,KAY/O,Pearl,Loss,14,11,21,12,2,1.75,-98,85,19,115,3
294,3,2,Gold 3,10/22/2023,Cypher,Fracture,Win,3,13,13,8,15,1.62,42,17,54,267,8
295,4,3,Gold 3,10/23/2023,KAY/O,Fracture,Win,6,9,30,17,13,1.76,-55,36,79,218,10
296,2,1,Gold 3,10/24/2023,KAY/O,Bind,Win,4,5,1,13,7,0.08,-33,40,69,127,1
297,2,2,Gold 3,10/25/2023,Brimstone,Haven,Win,8,7,23,10,8,2.3,-73,29,147,71,2
298,3,1,Gold 3,10/26/2023,Brimstone,Lotus,Loss,9,10,3,29,16,0.1,-53,77,209,82,2
299,1,3,Gold 3,10/27/2023,Cypher,Haven,Loss,7,6,20,23,16,0.87,24,27,34,43,9
300,1,2,Gold 3,10/28/2023,KAY/O,Ascent,Win,10,2,30,27,2,1.11,2,16,113,229,10
301,1,3,Gold 3,10/29/2023,Brimstone,Pearl,Loss,1,7,11,0,9,11.0,-28,86,114,33,3
302,2,1,Gold 3,10/30/2023,Cypher,Icebox,Win,2,10,27,15,14,1.8,-24,58,6,123,10
303,3,3,Gold 3,10/31/2023,Phoenix,Lotus,Win,5,14,17,29,20,0.59,79,30,15,177,6
304,1,1,Gold 3,11/01/2023,Breach,Split,Loss,13,5,10,28,20,0.36,-87,33,165,263,7
305,3,2,Gold 3,11/02/2023,KAY/O,Lotus,Win,9,9,20,21,9,0.95,11,44,23,278,9
306,6,1,Gold 3,11/03/2023,Cypher,Lotus,Win,14,12,14,14,20,1.0,36,90,103,57,8
307,6,3,Gold 3,11/04/2023,Phoenix,Pearl,Loss,6,7,1,5,2,0.2,-82,10,19,202,1
308,4,3,Gold 3,11/05/2023,Breach,Ascent,Win,4,2,7,14,1,0.5,-37,1,272,280,4
309,4,2,Gold 3,11/06/2023,KAY/O,Haven,Win,2,6,16,15,11,1.07,44,3,279,210,8
310,3,3,Gold 3,11/07/2023,Phoenix,Split,Loss,8,11,18,8,3,2.25,-30,57,39,119,7
311,2,3,Gold 3,11/08/2023,Breach,Fracture,Win,9,15,9,12,12,0.75,18,57,149,22,4
312,4,1,Gold 3,11/09/2023,KAY/O,Bind,Loss,0,7,19,24,15,0.79,-4,89,258,220,7
313,1,2,Gold 3,11/10/2023,KAY/O,Fracture,Win,12,6,16,18,17,0.89,-35,76,200,188,5
314,6,3,Gold 3,11/11/2023,KAY/O,Split,Loss,12,6,13,19,18,0.68,-19,2,83,7,10
315,2,1,Gold 3,11/12/2023,Brimstone,Icebox,Win,5,14,19,0,6,19.0,-14,60,170,164,7
316,4,2,Gold 3,11/13/2023,KAY/O,Lotus,Win,2,5,2,13,19,0.15,-34,82,108,247,7
317,5,1,Gold 3,11/14/2023,Breach,Split,Loss,4,8,25,18,17,1.39,-62,35,52,248,7
318,2,1,Gold 3,11/15/2023,KAY/O,Icebox,Win,6,4,16,10,18,1.6,-1,83,240,266,6
319,1,2,Gold 3,11/16/2023,KAY/O,Lotus,Loss,10,14,6,16,13,0.38,-26,100,299,273,5
320,6,2,Gold 3,11/17/2023,KAY/O,Fracture,Win,14,12,27,16,17,1.69,-36,28,67,43,10
321,5,3,Gold 3,11/18/2023,Breach,Bind,Win,1,8,30,5,7,6.0,-85,70,193,129,6
322,3,3,Gold 3,11/19/2023,Breach,Ascent,Win,10,10,1,12,6,0.08,78,36,242,127,0
323,2,3,Gold 3,11/20/2023,Breach,Pearl,Loss,7,8,10,24,19,0.42,72,50,62,264,3
324,5,3,Gold 3,11/21/2023,KAY/O,Lotus,Win,2,12,17,22,2,0.77,45,55,134,128,0
325,3,3,Gold 3,11/22/2023,Cypher,Icebox,Win,5,6,1,16,3,0.06,88,0,137,209,0
326,1,2,Gold 3,11/23/2023,Cypher,Icebox,Win,10,9,21,5,17,4.2,37,97,254,58,0
327,1,2,Gold 3,11/24/2023,Phoenix,Bind,Win,5,7,21,10,11,2.1,-76,20,167,178,6
328,5,1,Gold 3,11/25/2023,Breach,Haven,Win,3,5,30,8,10,3.75,10,21,229,180,7
329,4,2,Gold 3,11/26/2023,Brimstone,Pearl,Win,2,15,8,21,4,0.38,67,63,150,148,0
330,5,2,Gold 3,11/27/2023,Brimstone,Icebox,Loss,11,14,6,30,0,0.2,44,94,151,277,8
331,1,2,Gold 3,11/28/2023,Phoenix,Ascent,Win,14,6,9,28,14,0.32,-89,40,58,190,0
332,1,1,Gold 3,11/29/2023,Cypher,Split,Loss,5,10,18,30,19,0.6,87,70,296,51,3
333,1,3,Gold 3,11/30/2023,Brimstone,Lotus,Win,8,6,24,7,13,3.43,75,70,151,133,9
334,3,3,Gold 3,12/01/2023,Cypher,Split,Loss,15,2,19,26,15,0.73,48,57,157,188,5
335,4,1,Gold 3,12/02/2023,KAY/O,Ascent,Loss,6,4,15,21,5,0.71,3,38,271,176,5
336,4,3,Gold 3,12/03/2023,Phoenix,Lotus,Win,0,9,20,13,1,1.54,65,63,129,272,3
337,4,2,Gold 3,12/04/2023,Breach,Split,Loss,2,5,3,16,20,0.19,71,54,231,211,9
338,2,1,Gold 3,12/05/2023,KAY/O,Ascent,Win,8,15,17,11,9,1.55,6,50,152,107,9
339,6,2,Gold 3,12/06/2023,Phoenix,Pearl,Loss,0,13,29,14,9,2.07,-45,6,202,84,0
340,4,2,Gold 3,12/07/2023,Phoenix,Haven,Win,8,5,12,5,5,2.4,71,23,281,209,9
341,1,3,Gold 3,12/08/2023,Breach,Ascent,Loss,1,11,1,30,2,0.03,61,24,133,150,9
342,4,2,Gold 3,12/09/2023,Breach,Bind,Loss,3,15,14,1,11,14.0,-28,52,107,229,10
343,2,2,Gold 3,12/10/2023,Cypher,Pearl,Win,13,4,2,28,14,0.07,91,96,154,17,0
344,6,2,Gold 3,12/11/2023,Brimstone,Haven,Win,12,11,27,23,2,1.17,-53,64,89,182,9
345,6,2,Gold 3,12/12/2023,Breach,Bind,Loss,11,14,5,23,12,0.22,-27,92,292,27,8
346,6,1,Gold 3,12/13/2023,Phoenix,Bind,Loss,2,10,19,10,14,1.9,-2,96,98,49,8
347,4,1,Gold 3,12/14/2023,Phoenix,Ascent,Loss,15,10,2,7,3,0.29,42,22,237,121,9
348,3,2,Gold 3,12/15/2023,Breach,Fracture,Win,15,3,8,21,6,0.38,-92,100,212,203,9
349,3,2,Gold 3,12/16/2023,Brimstone,Split,Loss,7,13,27,11,5,2.45,-15,74,20,101,4
350,3,2,Gold 3,12/17/2023,Cypher,Ascent,Loss,0,0,1,12,4,0.08,75,26,27,233,3
351,4,2,Gold 3,12/18/2023,Phoenix,Bind,Win,4,6,27,20,5,1.35,30,12,290,134,5
352,1,1,Gold 3,12/19/2023,Brimstone,Fracture,Loss,2,6,29,20,5,1.45,53,100,204,192,0
353,2,2,Gold 3,12/20/2023,Brimstone,Split,Win,11,7,30,16,18,1.88,-23,38,235,4,9
354,1,3,Gold 3,12/21/2023,Cypher,Ascent,Loss,15,1,13,3,20,4.33,-58,48,195,23,6
355,5,3,Gold 3,12/22/2023,Brimstone,Ascent,Loss,9,9,30,14,0,2.14,14,68,186,176,1
356,2,1,Gold 3,12/23/2023,KAY/O,Lotus,Win,7,7,7,30,3,0.23,-50,53,174,295,7
357,5,2,Gold 3,12/24/2023,Phoenix,Pearl,Win,3,2,19,9,6,2.11,-34,64,120,39,6
358,1,2,Gold 3,12/25/2023,Cypher,Lotus,Loss,2,12,7,11,19,0.64,2,74,283,172,10
359,1,3,Gold 3,12/26/2023,Cypher,Icebox,Loss,9,5,9,23,20,0.39,28,25,70,168,5
360,1,1,Gold 3,12/27/2023,KAY/O,Lotus,Win,12,6,11,15,3,0.73,-3,74,271,20,2
361,1,2,Gold 3,12/28/2023,Cypher,Icebox,Loss,15,4,20,23,19,0.87,-62,59,285,242,3
362,4,2,Gold 3,12/29/2023,KAY/O,Pearl,Loss,13,12,5,0,19,5.0,52,48,219,233,6
363,1,3,Gold 3,12/30/2023,Breach,Icebox,Win,12,8,24,17,0,1.41,4,55,184,11,0
364,6,1,Gold 3,12/31/2023,Phoenix,Bind,Loss,6,0,25,4,0,6.25,81,80,282,32,3
365,5,2,Gold 3,01/01/2024,Brimstone,Ascent,Win,5,15,23,30,0,0.77,68,32,13,271,1
366,5,3,Gold 3,01/02/2024,KAY/O,Split,Loss,9,10,4,8,12,0.5,-65,2,261,187,4
367,3,2,Gold 3,01/03/2024,Breach,Bind,Win,0,14,10,29,8,0.34,53,72,109,258,6
368,2,1,Gold 3,01/04/2024,Breach,Fracture,Win,5,4,0,5,1,0.0,66,28,289,29,9
369,5,1,Gold 3,01/05/2024,Phoenix,Haven,Win,1,9,22,28,16,0.79,-31,62,152,59,10
370,2,2,Gold 3,01/06/2024,Cypher,Icebox,Loss,15,15,3,24,8,0.12,75,94,77,219,3
371,2,2,Gold 3,01/07/2024,Breach,Bind,Win,15,7,25,6,19,4.17,-1,73,261,41,10
372,5,1,Gold 3,01/08/2024,Breach,Split,Loss,10,3,13,15,15,0.87,14,87,85,193,3
373,4,3,Gold 3,01/09/2024,Brimstone,Pearl,Loss,10,6,23,11,0,2.09,25,9,293,138,7
374,1,3,Gold 3,01/10/2024,Brimstone,Ascent,Loss,4,9,1,14,17,0.07,-57,12,295,96,2
375,6,3,Gold 3,01/11/2024,KAY/O,Lotus,Win,0,8,4,10,4,0.4,77,55,277,164,8
376,1,3,Gold 3,01/12/2024,KAY/O,Fracture,Loss,2,5,9,1,20,9.0,64,87,274,67,9
377,2,2,Gold 3,01/13/2024,KAY/O,Bind,Win,3,15,23,28,13,0.82,25,32,130,272,8
378,6,1,Gold 3,01/14/2024,Brimstone,Icebox,Win,7,14,0,13,0,0.0,-92,75,144,203,7
379,4,2,Gold 3,01/15/2024,Phoenix,Ascent,Loss,0,3,25,16,0,1.56,81,1,64,262,9
380,3,1,Gold 3,01/16/2024,Phoenix,Haven,Win,14,12,28,7,8,4.0,84,52,56,236,5
381,6,1,Gold 3,01/17/2024,KAY/O,Icebox,Win,8,2,9,7,14,1.29,-10,60,116,253,6
382,6,1,Gold 3,01/18/2024,Cypher,Ascent,Loss,3,9,22,3,11,7.33,-82,58,56,98,0
383,5,2,Gold 3,01/19/2024,Brimstone,Haven,Loss,10,7,15,13,0,1.15,-49,25,57,162,4
384,4,2,Gold 3,01/20/2024,Phoenix,Haven,Win,6,1,19,22,5,0.86,-80,56,152,129,0
385,2,2,Gold 3,01/21/2024,Cypher,Haven,Win,14,10,14,9,1,1.56,86,13,44,74,6
386,3,2,Gold 3,01/22/2024,Cypher,Bind,Loss,12,15,14,25,20,0.56,63,88,268,128,0
387,1,1,Gold 3,01/23/2024,KAY/O,Pearl,Loss,7,1,5,6,5,0.83,53,6,104,240,0
388,3,2,Gold 3,01/24/2024,Cypher,Lotus,Win,11,3,14,12,18,1.17,-3,6,137,247,10
389,2,3,Gold 3,01/25/2024,Phoenix,Pearl,Loss,6,0,17,13,2,1.31,-75,13,21,141,4
390,4,1,Gold 3,01/26/2024,Brimstone,Split,Loss,15,12,7,21,0,0.33,27,21,100,286,5
391,1,2,Gold 3,01/27/2024,KAY/O,Fracture,Win,14,10,25,30,10,0.83,34,80,143,131,0
392,3,3,Gold 3,01/28/2024,Brimstone,Icebox,Win,4,1,15,22,6,0.68,31,11,64,273,2
393,6,1,Gold 3,01/29/2024,KAY/O,Haven,Win,12,1,3,20,6,0.15,-93,87,119,28,4
394,2,2,Gold 3,01/30/2024,KAY/O,Fracture,Loss,15,12,12,0,5,12.0,-32,91,145,34,1
395,4,1,Gold 3,01/31/2024,Cypher,Pearl,Loss,1,5,17,24,16,0.71,-39,22,49,134,3
396,5,1,Gold 3,02/01/2024,Breach,Bind,Loss,9,12,24,12,15,2.0,-10,74,167,15,0
397,4,3,Gold 3,02/02/2024,Breach,Bind,Win,7,10,24,26,4,0.92,70,94,98,270,3
398,5,1,Gold 3,02/03/2024,Phoenix,Icebox,Win,15,1,14,5,19,2.8,28,74,189,285,9
399,4,3,Gold 3,02/04/2024,Phoenix,Haven,Win,0,4,13,25,9,0.52,49,74,225,152,7
400,2,1,Gold 3,02/05/2024,Brimstone,Ascent,Loss,3,1,9,10,4,0.9,-10,75,38,253,7
401,3,1,Gold 3,02/06/2024,KAY/O,Icebox,Win,14,6,7,0,8,7.0,54,62,59,290,7
402,6,1,Gold 3,02/07/2024,KAY/O,Lotus,Win,13,14,10,5,0,2.0,66,92,30,5,4
403,4,2,Gold 3,02/08/2024,KAY/O,Lotus,Win,10,0,16,24,1,0.67,-20,48,284,99,6
404,1,1,Gold 3,02/09/2024,Breach,Bind,Loss,5,7,6,7,16,0.86,58,86,134,296,6
405,5,1,Gold 3,02/10/2024,Cypher,Pearl,Win,14,14,19,30,17,0.63,-44,67,179,224,9
406,6,1,Gold 3,02/11/2024,Phoenix,Pearl,Win,8,1,5,10,1,0.5,51,17,19,62,8
407,2,2,Gold 3,02/12/2024,Brimstone,Fracture,Win,6,8,24,24,14,1.0,81,70,132,133,10
408,1,1,Gold 3,02/13/2024,KAY/O,Haven,Win,1,0,24,29,8,0.83,-2,25,33,0,0
409,1,3,Gold 3,02/14/2024,KAY/O,Haven,Win,3,12,0,24,4,0.0,46,11,246,253,1
410,6,1,Gold 3,02/15/2024,Phoenix,Split,Win,4,4,0,27,0,0.0,-96,50,190,282,5
411,2,2,Gold 3,02/16/2024,Breach,Fracture,Win,14,3,8,19,5,0.42,-32,31,22,63,10
412,3,2,Gold 3,02/17/2024,Brimstone,Split,Loss,2,1,27,19,3,1.42,-58,42,196,169,8
413,2,3,Gold 3,02/18/2024,Breach,Pearl,Win,5,4,18,15,2,1.2,81,71,257,176,2
414,5,1,Gold 3,02/19/2024,Breach,Fracture,Loss,10,14,10,15,4,0.67,67,43,30,42,5
415,1,1,Gold 3,02/20/2024,Breach,Bind,Win,4,7,15,8,6,1.88,-2,23,163,286,9
416,4,3,Gold 3,02/21/2024,Cypher,Fracture,Loss,1,3,18,10,19,1.8,-94,66,293,103,3
417,6,3,Gold 3,02/22/2024,KAY/O,Fracture,Loss,10,15,6,28,6,0.21,-95,22,143,71,6
418,1,1,Gold 3,02/23/2024,Cypher,Split,Loss,2,3,28,13,18,2.15,8,100,224,154,5
419,5,2,Gold 3,02/24/2024,Phoenix,Pearl,Win,13,13,7,24,20,0.29,-32,36,268,181,5
420,2,3,Gold 3,02/25/2024,Breach,Ascent,Win,6,15,9,26,7,0.35,59,58,19,292,0
421,4,3,Gold 3,02/26/2024,Breach,Haven,Win,9,7,20,21,17,0.95,-88,43,64,151,4
422,3,2,Gold 3,02/27/2024,Phoenix,Icebox,Loss,12,12,6,15,10,0.4,92,96,224,94,10
423,6,2,Gold 3,02/28/2024,Breach,Fracture,Win,12,15,26,7,10,3.71,32,84,295,289,1
424,2,2,Gold 3,02/29/2024,Brimstone,Pearl,Win,9,9,21,5,4,4.2,-28,68,88,89,2
425,1,3,Gold 3,03/01/2024,Breach,Split,Loss,11,5,19,9,11,2.11,18,88,245,238,9
426,4,1,Gold 3,03/02/2024,Phoenix,Bind,Win,3,7,23,2,2,11.5,-36,73,287,280,0
427,1,2,Gold 3,03/03/2024,KAY/O,Fracture,Loss,11,1,9,18,4,0.5,52,4,201,115,7
428,2,2,Gold 3,03/04/2024,KAY/O,Icebox,Win,1,2,30,5,2,6.0,-26,6,101,17,1
429,5,3,Gold 3,03/05/2024,KAY/O,Split,Loss,0,8,29,17,3,1.71,-3,69,276,117,1
430,5,1,Gold 3,03/06/2024,Breach,Icebox,Win,13,14,13,16,3,0.81,-70,2,181,104,7
431,2,2,Gold 3,03/07/2024,Brimstone,Icebox,Loss,15,12,10,3,3,3.33,13,6,211,7,1
432,6,1,Gold 3,03/08/2024,KAY/O,Lotus,Win,9,7,22,2,2,11.0,8,83,126,296,4
433,6,2,Gold 3,03/09/2024,Breach,Haven,Win,4,7,2,20,15,0.1,73,97,247,259,6
434,1,2,Gold 3,03/10/2024,Brimstone,Icebox,Loss,2,14,22,27,1,0.81,69,66,40,232,1
435,4,3,Gold 3,03/11/2024,Phoenix,Pearl,Loss,8,13,18,12,7,1.5,91,6,71,232,8
436,1,3,Gold 3,03/12/2024,KAY/O,Pearl,Win,0,10,24,14,2,1.71,84,80,106,38,5
437,6,1,Gold 3,03/13/2024,Breach,Fracture,Loss,13,10,8,17,17,0.47,-77,72,108,220,6
438,4,1,Gold 3,03/14/2024,Brimstone,Ascent,Win,14,10,18,30,2,0.6,85,0,101,50,9
439,5,3,Gold 3,03/15/2024,Phoenix,Haven,Win,10,13,20,29,2,0.69,22,5,234,132,7
440,6,1,Gold 3,03/16/2024,Breach,Bind,Loss,12,1,21,9,17,2.33,76,66,128,23,2
441,4,3,Gold 3,03/17/2024,Cypher,Haven,Win,13,0,14,23,17,0.61,-20,70,273,172,8
442,2,2,Gold 3,03/18/2024,Brimstone,Haven,Loss,8,14,26,7,15,3.71,-71,49,128,112,5
443,5,2,Gold 3,03/19/2024,Cypher,Pearl,Loss,6,3,16,5,5,3.2,-73,93,106,4,0
444,5,2,Gold 3,03/20/2024,Cypher,Icebox,Loss,8,1,15,25,20,0.6,88,68,125,256,8
445,6,3,Gold 3,03/21/2024,Breach,Ascent,Win,6,14,23,17,8,1.35,80,22,226,161,6
446,6,3,Gold 3,03/22/2024,Breach,Ascent,Win,4,10,19,23,7,0.83,85,5,194,138,1
447,1,2,Gold 3,03/23/2024,KAY/O,Ascent,Loss,12,10,18,23,18,0.78,36,55,119,21,4
448,6,2,Gold 3,03/24/2024,Breach,Ascent,Loss,3,15,5,6,13,0.83,-87,65,63,146,10
449,2,2,Gold 3,03/25/2024,Brimstone,Icebox,Loss,8,1,12,1,4,12.0,-60,28,249,89,2
450,6,2,Gold 3,03/26/2024,Brimstone,Icebox,Win,14,14,1,22,20,0.05,-38,86,94,115,0
451,3,1,Gold 3,03/27/2024,Cypher,Icebox,Win,4,5,14,29,4,0.48,-84,70,224,269,3
452,3,1,Gold 3,03/28/2024,Phoenix,Haven,Win,7,7,20,22,13,0.91,-10,72,59,198,0
453,1,3,Gold 3,03/29/2024,KAY/O,Icebox,Loss,5,4,17,18,12,0.94,-93,78,89,114,4
454,5,1,Gold 3,03/30/2024,Phoenix,Pearl,Loss,8,14,4,21,5,0.19,-11,13,25,59,7
455,5,1,Gold 3,03/31/2024,Cypher,Icebox,Win,4,2,23,8,16,2.88,-31,7,169,220,7
456,3,2,Gold 3,04/01/2024,Cypher,Pearl,Win,11,8,27,12,8,2.25,66,47,196,183,0
457,2,1,Gold 3,04/02/2024,Brimstone,Lotus,Loss,3,10,16,15,17,1.07,-10,26,174,284,4
458,3,1,Gold 3,04/03/2024,Brimstone,Bind,Loss,14,4,10,2,14,5.0,95,32,34,142,9
459,3,2,Gold 3,04/04/2024,Breach,Fracture,Loss,3,0,6,18,17,0.33,-17,85,112,148,3
460,5,3,Gold 3,04/05/2024,Phoenix,Split,Loss,0,6,16,14,10,1.14,-1,50,5,226,5
461,3,3,Gold 3,04/06/2024,Breach,Haven,Win,14,7,6,25,15,0.24,18,12,219,254,10
462,5,1,Gold 3,04/07/2024,Phoenix,Fracture,Loss,5,8,13,2,11,6.5,80,72,175,123,8
463,2,2,Gold 3,04/08/2024,Breach,Pearl,Win,15,0,18,0,17,18.0,-31,15,98,251,2
464,2,2,Gold 3,04/09/2024,Brimstone,Fracture,Win,15,15,19,18,13,1.06,75,49,245,103,7
465,4,2,Gold 3,04/10/2024,Phoenix,Fracture,Win,9,10,15,6,11,2.5,56,34,269,205,9
466,1,1,Gold 3,04/11/2024,KAY/O,Pearl,Win,10,12,28,6,1,4.67,-54,43,72,74,9
467,5,2,Gold 3,04/12/2024,KAY/O,Lotus,Loss,7,13,9,21,13,0.43,-84,100,220,130,1
468,1,2,Gold 3,04/13/2024,Phoenix,Bind,Win,4,3,21,21,2,1.0,-24,27,126,95,6
469,3,3,Gold 3,04/14/2024,Breach,Icebox,Loss,5,8,2,0,11,2.0,95,10,210,264,6
470,4,3,Gold 3,04/15/2024,Brimstone,Lotus,Loss,10,7,18,21,7,0.86,-5,96,201,118,4
471,1,3,Gold 3,04/16/2024,KAY/O,Ascent,Win,14,12,6,22,2,0.27,100,20,230,23,2
472,5,3,Gold 3,04/17/2024,Breach,Haven,Loss,6,1,25,1,18,25.0,-41,4,273,4,2
473,1,2,Gold 3,04/18/2024,Cypher,Fracture,Loss,1,10,5,4,12,1.25,-95,14,293,110,9
474,4,3,Gold 3,04/19/2024,Breach,Icebox,Loss,9,13,26,21,20,1.24,81,94,262,133,1
475,4,1,Gold 3,04/20/2024,Cypher,Lotus,Win,7,7,30,24,3,1.25,-76,34,109,107,8
476,4,3,Gold 3,04/21/2024,Phoenix,Haven,Loss,2,5,13,1,5,13.0,-52,92,186,98,10
477,6,2,Gold 3,04/22/2024,KAY/O,Lotus,Win,11,6,12,30,20,0.4,76,11,214,283,8
478,5,2,Gold 3,04/23/2024,Breach,Bind,Win,12,8,1,23,4,0.04,19,54,54,162,1
479,1,3,Gold 3,04/24/2024,Cypher,Split,Loss,2,5,19,10,4,1.9,77,83,213,226,7
480,4,2,Gold 3,04/25/2024,KAY/O,Split,Win,12,8,30,5,3,6.0,-31,92,161,252,3
481,2,1,Gold 3,04/26/2024,KAY/O,Lotus,Win,10,0,14,2,20,7.0,29,4,229,74,8
482,5,2,Gold 3,04/27/2024,Breach,Lotus,Loss,3,11,21,11,7,1.91,-17,0,153,221,7
483,5,1,Gold 3,04/28/2024,Phoenix,Haven,Loss,13,11,25,28,14,0.89,42,9,53,285,1
484,4,1,Gold 3,04/29/2024,Cypher,Bind,Loss,12,7,21,17,20,1.24,-29,30,267,192,5
485,2,2,Gold 3,04/30/2024,KAY/O,Haven,Win,15,12,20,19,12,1.05,-52,25,99,203,3
486,4,1,Gold 3,05/01/2024,Breach,Haven,Win,0,3,8,27,10,0.3,35,73,280,89,1
487,2,2,Gold 3,05/02/2024,KAY/O,Ascent,Win,11,7,12,7,1,1.71,-59,5,44,222,0
488,5,1,Gold 3,05/03/2024,Breach,Fracture,Loss,11,0,11,6,15,1.83,31,8,132,253,8
489,5,2,Gold 3,05/04/2024,Brimstone,Lotus,Win,1,7,22,26,17,0.85,69,80,242,264,1
490,1,2,Gold 3,05/05/2024,Phoenix,Ascent,Loss,15,14,12,11,0,1.09,71,66,138,21,2
491,5,2,Gold 3,05/06/2024,Breach,Lotus,Win,3,7,18,20,4,0.9,47,20,253,85,7
492,4,3,Gold 3,05/07/2024,Breach,Fracture,Loss,12,9,8,27,18,0.3,76,53,203,89,6
493,1,3,Gold 3,05/08/2024,Cypher,Bind,Loss,10,0,24,29,3,0.83,77,59,111,72,2
494,6,2,Gold 3,05/09/2024,Cypher,Icebox,Loss,10,6,27,17,7,1.59,79,79,211,258,10
495,5,1,Gold 3,05/10/2024,Cypher,Pearl,Loss,1,12,23,28,18,0.82,91,42,261,169,5
496,1,3,Gold 3,05/11/2024,KAY/O,Fracture,Win,15,3,24,1,7,24.0,-50,65,30,203,1
497,3,1,Gold 3,05/12/2024,Cypher,Fracture,Win,5,13,12,3,15,4.0,94,26,156,155,1
498,2,1,Gold 3,05/13/2024,Brimstone,Split,Loss,9,13,23,11,17,2.09,-14,92,225,205,10
499,1,2,Gold 3,05/14/2024,Brimstone,Pearl,Loss,0,6,3,8,19,0.38,56,63,62,244,9
500,1,1,Gold 3,05/15/2024,KAY/O,Bind,Loss,10,0,5,3,18,1.67,5,10,272,178,10
501,4,1,Gold 3,05/16/2024,Breach,Lotus,Loss,7,4,21,21,6,1.0,57,36,79,30,4
502,4,2,Gold 3,05/17/2024,KAY/O,Fracture,Win,14,11,27,25,14,1.08,-34,18,261,32,0
503,5,2,Gold 3,05/18/2024,Cypher,Pearl,Win,9,5,18,7,8,2.57,52,96,255,139,8
504,3,1,Gold 3,05/19/2024,Phoenix,Lotus,Loss,14,10,11,25,5,0.44,-22,82,30,96,7
505,2,2,Gold 3,05/20/2024,Phoenix,Ascent,Loss,6,0,23,7,12,3.29,45,8,237,1,10
506,2,2,Gold 3,05/21/2024,Cypher,Fracture,Win,9,11,16,8,19,2.0,59,16,129,228,10
507,1,3,Gold 3,05/22/2024,Cypher,Icebox,Loss,2,9,26,26,10,1.0,78,28,32,296,3
508,6,2,Gold 3,05/23/2024,Phoenix,Split,Loss,3,10,25,18,12,1.39,-98,27,72,26,6
509,5,3,Gold 3,05/24/2024,KAY/O,Pearl,Win,10,3,8,21,10,0.38,23,16,284,263,8
510,3,2,Gold 3,05/25/2024,Cypher,Split,Loss,12,2,1,21,8,0.05,-100,94,19,116,8
511,3,3,Gold 3,05/26/2024,Phoenix,Icebox,Loss,7,7,19,7,12,2.71,-65,55,159,142,9
512,3,2,Gold 3,05/27/2024,Phoenix,Split,Loss,2,0,9,29,10,0.31,64,17,221,126,8
513,3,2,Gold 3,05/28/2024,KAY/O,Bind,Loss,11,12,20,28,13,0.71,2,64,152,218,10
514,6,3,Gold 3,05/29/2024,KAY/O,Haven,Loss,12,0,7,17,3,0.41,-85,54,71,288,4
515,4,2,Gold 3,05/30/2024,KAY/O,Split,Loss,15,3,14,10,14,1.4,84,32,189,82,9
516,2,1,Gold 3,05/31/2024,Breach,Icebox,Win,12,2,17,24,17,0.71,64,13,227,224,1
517,5,3,Gold 3,06/01/2024,Cypher,Split,Loss,8,10,2,8,1,0.25,-76,76,270,145,10
518,6,3,Gold 3,06/02/2024,KAY/O,Fracture,Loss,3,11,11,1,1,11.0,36,60,230,99,2
519,3,1,Gold 3,06/03/2024,Breach,Icebox,Win,2,2,22,22,7,1.0,-30,25,58,259,7
520,5,1,Gold 3,06/04/2024,Phoenix,Fracture,Loss,11,11,9,19,1,0.47,59,73,252,166,1
521,2,1,Gold 3,06/05/2024,KAY/O,Icebox,Win,8,15,23,4,6,5.75,-33,29,23,78,2
522,3,2,Gold 3,06/06/2024,Cypher,Fracture,Loss,7,9,5,17,2,0.29,-16,26,224,209,10
523,4,3,Gold 3,06/07/2024,Phoenix,Lotus,Loss,2,10,25,8,6,3.12,-15,98,0,183,6
524,5,3,Gold 3,06/08/2024,Phoenix,Ascent,Loss,4,12,18,25,10,0.72,-21,69,245,275,3
525,6,1,Gold 3,06/09/2024,Phoenix,Lotus,Win,6,10,1,27,15,0.04,92,12,170,174,9
526,3,1,Gold 3,06/10/2024,Phoenix,Haven,Loss,0,5,0,7,5,0.0,-67,88,169,124,9
527,3,1,Gold 3,06/11/2024,Brimstone,Fracture,Loss,5,14,30,22,3,1.36,17,13,275,110,7
528,1,2,Gold 3,06/12/2024,Brimstone,Bind,Loss,10,12,12,8,0,1.5,4,10,83,269,8
529,1,2,Gold 3,06/13/2024,Brimstone,Icebox,Win,5,2,8,30,19,0.27,54,11,286,261,8
530,1,1,Gold 3,06/14/2024,Breach,Haven,Win,10,12,2,28,12,0.07,-56,82,14,220,4
531,3,2,Gold 3,06/15/2024,Cypher,Ascent,Win,11,4,5,12,11,0.42,29,77,252,174,6
532,1,2,Gold 3,06/16/2024,Phoenix,Fracture,Loss,2,6,29,18,19,1.61,-6,75,183,206,5
533,3,2,Gold 3,06/17/2024,Cypher,Lotus,Win,13,12,2,22,3,0.09,70,75,258,107,4
534,6,1,Gold 3,06/18/2024,Cypher,Lotus,Win,12,8,29,2,4,14.5,20,87,120,33,0
535,1,2,Gold 3,06/19/2024,KAY/O,Lotus,Win,15,4,23,8,4,2.88,12,63,26,152,1
536,4,2,Gold 3,06/20/2024,Brimstone,Split,Win,8,15,9,10,17,0.9,90,16,250,222,7
537,5,1,Gold 3,06/21/2024,Brimstone,Fracture,Loss,11,5,27,20,14,1.35,98,32,246,67,7
538,6,3,Gold 3,06/22/2024,Phoenix,Split,Loss,1,9,28,3,18,9.33,-81,61,283,241,5
539,2,1,Gold 3,06/23/2024,Breach,Split,Loss,7,1,10,9,8,1.11,25,68,156,159,3
540,5,1,Gold 3,06/24/2024,Cypher,Haven,Win,1,7,6,7,11,0.86,-92,8,270,219,9
541,5,1,Gold 3,06/25/2024,KAY/O,Fracture,Win,8,14,15,26,17,0.58,89,36,197,196,7
542,2,3,Gold 3,06/26/2024,Phoenix,Bind,Win,8,10,24,13,3,1.85,30,47,278,128,6
543,5,2,Gold 3,06/27/2024,Cypher,Ascent,Win,3,8,26,6,4,4.33,16,63,207,113,6
544,2,3,Gold 3,06/28/2024,Phoenix,Fracture,Loss,12,10,5,30,10,0.17,-20,52,135,105,2
545,2,1,Gold 3,06/29/2024,Cypher,Haven,Loss,1,12,14,28,12,0.5,-32,82,11,231,9
546,5,3,Gold 3,06/30/2024,Brimstone,Fracture,Loss,2,2,15,21,14,0.71,-1,90,76,118,3
547,3,3,Gold 3,07/01/2024,Phoenix,Bind,Loss,7,10,12,0,10,12.0,3,18,251,21,5
548,4,2,Gold 3,07/02/2024,Cypher,Split,Win,1,15,8,16,17,0.5,46,77,187,25,5
549,1,2,Gold 3,07/03/2024,KAY/O,Split,Loss,11,10,25,22,12,1.14,75,78,114,47,9
550,4,1,Gold 3,07/04/2024,Breach,Haven,Loss,5,4,6,25,18,0.24,-93,83,288,254,4
551,5,1,Gold 3,07/05/2024,Breach,Ascent,Win,9,11,27,17,0,1.59,-4,29,112,5,10
552,3,3,Gold 3,07/06/2024,Breach,Split,Loss,1,3,27,27,10,1.0,68,36,2,48,9
553,6,2,Gold 3,07/07/2024,Phoenix,Fracture,Loss,3,0,7,30,14,0.23,46,44,33,40,10
554,5,2,Gold 3,07/08/2024,Cypher,Pearl,Loss,4,8,2,22,3,0.09,99,13,6,137,3
555,3,3,Gold 3,07/09/2024,Cypher,Split,Loss,14,10,11,21,12,0.52,46,53,24,27,7
556,3,1,Gold 3,07/10/2024,Brimstone,Lotus,Loss,14,3,30,12,0,2.5,87,75,158,265,1
557,3,1,Gold 3,07/11/2024,Cypher,Pearl,Win,10,10,1,17,2,0.06,-40,93,62,128,9
558,2,2,Gold 3,07/12/2024,Cypher,Fracture,Win,13,10,18,20,12,0.9,30,29,289,159,6
559,4,3,Gold 3,07/13/2024,Cypher,Bind,Win,9,4,10,22,16,0.45,-17,3,54,53,10
560,2,3,Gold 3,07/14/2024,Cypher,Lotus,Win,1,14,3,4,19,0.75,43,58,38,231,8
561,2,2,Gold 3,07/15/2024,KAY/O,Ascent,Loss,4,3,0,7,14,0.0,-32,40,20,167,3
562,5,2,Gold 3,07/16/2024,Phoenix,Bind,Loss,10,5,12,5,9,2.4,-6,26,122,169,7
563,6,1,Gold 3,07/17/2024,Breach,Ascent,Loss,3,7,10,23,7,0.43,-28,47,7,60,8
564,6,3,Gold 3,07/18/2024,Phoenix,Split,Win,6,4,16,5,11,3.2,80,76,64,201,1
565,6,2,Gold 3,07/19/2024,KAY/O,Pearl,Loss,14,3,24,9,9,2.67,-99,67,240,236,5
566,3,2,Gold 3,07/20/2024,Breach,Bind,Loss,1,15,11,19,6,0.58,25,55,54,175,10
567,3,1,Gold 3,07/21/2024,KAY/O,Pearl,Loss,12,2,19,2,13,9.5,-74,42,24,191,1
568,6,3,Gold 3,07/22/2024,KAY/O,Pearl,Loss,4,7,6,27,13,0.22,28,2,114,255,3
569,5,2,Gold 3,07/23/2024,KAY/O,Icebox,Loss,9,9,2,9,1,0.22,51,95,273,131,5
570,3,3,Gold 3,07/24/2024,Cypher,Pearl,Loss,3,10,30,17,5,1.76,-9,58,258,25,0
571,6,3,Gold 3,07/25/2024,Phoenix,Pearl,Win,3,12,24,8,9,3.0,-78,50,111,299,3
572,5,3,Gold 3,07/26/2024,Breach,Bind,Win,13,5,20,19,18,1.05,-72,57,166,159,4
573,4,3,Gold 3,07/27/2024,KAY/O,Fracture,Win,9,2,20,7,13,2.86,-14,62,294,280,4
574,1,2,Gold 3,07/28/2024,Phoenix,Split,Loss,7,10,27,9,7,3.0,-59,49,56,123,3
575,5,1,Gold 3,07/29/2024,KAY/O,Fracture,Loss,7,13,0,23,20,0.0,-36,42,225,181,9
576,5,2,Gold 3,07/30/2024,KAY/O,Bind,Loss,8,6,29,3,6,9.67,-91,100,79,14,6
577,1,2,Gold 3,07/31/2024,Phoenix,Haven,Loss,11,5,25,23,14,1.09,59,99,231,291,5
578,4,1,Gold 3,08/01/2024,Phoenix,Haven,Loss,12,14,4,25,5,0.16,99,98,145,155,10
579,1,1,Gold 3,08/02/2024,Cypher,Ascent,Loss,13,10,9,0,18,9.0,-81,62,173,202,4
580,5,3,Gold 3,08/03/2024,Phoenix,Icebox,Win,15,6,19,7,3,2.71,16,15,90,118,2
581,2,3,Gold 3,08/04/2024,Cypher,Ascent,Loss,0,14,7,11,19,0.64,-5,0,3,79,3
582,2,1,Gold 3,08/05/2024,KAY/O,Fracture,Loss,13,6,28,12,0,2.33,-70,15,178,222,2
583,6,3,Gold 3,08/06/2024,Phoenix,Fracture,Win,3,9,16,8,9,2.0,47,92,139,48,2
584,2,3,Gold 3,08/07/2024,Cypher,Fracture,Loss,5,1,8,0,4,8.0,-16,65,60,281,9
585,2,3,Gold 3,08/08/2024,Cypher,Pearl,Loss,11,14,29,13,8,2.23,-70,63,186,93,6
586,1,1,Gold 3,08/09/2024,Cypher,Lotus,Win,2,10,28,12,3,2.33,-84,8,166,292,10
587,3,2,Gold 3,08/10/2024,Breach,Fracture,Loss,2,0,4,16,14,0.25,-57,16,241,71,4
588,1,3,Gold 3,08/11/2024,Brimstone,Lotus,Win,9,13,14,6,12,2.33,73,52,126,134,3
589,1,2,Gold 3,08/12/2024,KAY/O,Pearl,Loss,5,10,1,26,14,0.04,67,46,39,266,0
590,1,2,Gold 3,08/13/2024,Phoenix,Fracture,Win,1,9,19,12,11,1.58,-41,93,270,134,4
591,6,2,Gold 3,08/14/2024,Phoenix,Lotus,Win,14,0,16,1,17,16.0,-94,46,146,112,5
592,5,3,Gold 3,08/15/2024,Brimstone,Lotus,Loss,7,15,7,18,0,0.39,-1,73,159,70,0
593,5,1,Gold 3,08/16/2024,Brimstone,Split,Win,10,15,19,29,10,0.66,-59,82,175,165,6
594,1,2,Gold 3,08/17/2024,Phoenix,Haven,Loss,4,9,9,5,20,1.8,53,7,68,3,1
595,4,3,Gold 3,08/18/2024,Brimstone,Fracture,Loss,7,2,16,28,11,0.57,95,78,204,58,2
596,4,2,Gold 3,08/19/2024,KAY/O,Split,Win,12,4,18,3,6,6.0,-51,90,30,178,8
597,6,3,Gold 3,08/20/2024,KAY/O,Icebox,Loss,3,14,23,10,20,2.3,-72,13,78,236,7
598,3,3,Gold 3,08/21/2024,KAY/O,Haven,Win,2,13,21,28,4,0.75,58,28,240,167,1
599,2,2,Gold 3,08/22/2024,Brimstone,Haven,Loss,8,6,1,28,12,0.04,-95,67,137,76,7
600,2,1,Gold 3,08/23/2024,Breach,Ascent,Win,15,6,14,10,11,1.4,-30,20,209,37,1
601,6,3,Gold 3,08/24/2024,KAY/O,Bind,Win,4,0,9,27,2,0.33,-81,47,61,7,3
602,3,2,Gold 3,08/25/2024,Breach,Fracture,Win,8,7,28,3,18,9.33,39,96,41,163,3
603,1,1,Gold 3,08/26/2024,Cypher,Fracture,Win,0,9,0,22,7,0.0,12,81,137,163,10
604,1,2,Gold 3,08/27/2024,Brimstone,Ascent,Loss,3,13,29,4,4,7.25,-28,16,177,231,8
605,3,3,Gold 3,08/28/2024,KAY/O,Bind,Win,6,12,26,18,5,1.44,-97,38,187,0,5
606,4,1,Gold 3,08/29/2024,Phoenix,Ascent,Loss,0,7,22,27,10,0.81,96,39,62,254,1
607,1,1,Gold 3,08/30/2024,Phoenix,Pearl,Win,5,8,6,3,12,2.0,5,38,165,243,5
608,5,1,Gold 3,08/31/2024,KAY/O,Ascent,Loss,5,7,4,1,4,4.0,-62,23,57,158,10
609,2,3,Gold 3,09/01/2024,Brimstone,Pearl,Win,9,9,24,8,3,3.0,54,15,218,75,1
610,1,3,Gold 3,09/02/2024,Breach,Haven,Win,6,7,0,20,10,0.0,-38,90,182,71,7
611,6,3,Gold 3,09/03/2024,Cypher,Lotus,Win,11,15,14,5,6,2.8,-65,30,92,136,0
612,4,2,Gold 3,09/04/2024,Phoenix,Ascent,Win,12,9,25,22,8,1.14,1,2,75,227,10
613,5,2,Gold 3,09/05/2024,KAY/O,Lotus,Loss,12,10,30,27,0,1.11,-80,28,185,113,3
614,1,3,Gold 3,09/06/2024,Phoenix,Icebox,Win,0,2,29,12,14,2.42,-48,5,156,233,3
615,5,2,Gold 3,09/07/2024,KAY/O,Pearl,Win,2,9,3,14,20,0.21,-34,44,245,66,5
616,4,2,Gold 3,09/08/2024,KAY/O,Split,Loss,6,4,25,1,11,25.0,-90,100,81,49,10
617,5,1,Gold 3,09/09/2024,Brimstone,Lotus,Win,2,3,12,12,4,1.0,95,86,95,269,7
618,3,2,Gold 3,09/10/2024,Cypher,Ascent,Loss,5,6,24,28,7,0.86,-75,69,286,288,5
619,4,3,Gold 3,09/11/2024,Cypher,Pearl,Win,2,5,18,0,15,18.0,29,74,121,83,6
620,5,2,Gold 3,09/12/2024,Phoenix,Haven,Win,1,2,20,26,17,0.77,-95,23,26,3,10
621,6,3,Gold 3,09/13/2024,Phoenix,Fracture,Win,2,6,24,0,11,24.0,-61,66,170,128,0
622,5,1,Gold 3,09/14/2024,KAY/O,Ascent,Loss,6,12,22,20,13,1.1,-44,36,263,118,5
623,4,2,Gold 3,09/15/2024,KAY/O,Fracture,Win,11,6,24,2,6,12.0,-42,62,93,180,8
624,1,3,Gold 3,09/16/2024,KAY/O,Split,Win,8,8,1,9,14,0.11,75,52,276,244,10
625,5,1,Gold 3,09/17/2024,Phoenix,Bind,Win,5,8,8,1,2,8.0,-37,69,32,83,4
626,4,1,Gold 3,09/18/2024,KAY/O,Pearl,Win,10,12,15,6,3,2.5,51,15,267,52,10
627,4,2,Gold 3,09/19/2024,Breach,Fracture,Loss,4,4,9,21,12,0.43,4,81,172,50,2
628,6,1,Gold 3,09/20/2024,KAY/O,Pearl,Loss,1,6,8,27,19,0.3,-66,74,209,209,1
629,6,3,Gold 3,09/21/2024,KAY/O,Icebox,Win,6,14,27,19,6,1.42,-27,72,180,204,10
630,3,1,Gold 3,09/22/2024,Phoenix,Pearl,Loss,13,3,8,10,2,0.8,-52,84,109,9,6
631,6,1,Gold 3,09/23/2024,Phoenix,Ascent,Win,13,3,21,29,11,0.72,23,72,271,150,4
632,4,1,Gold 3,09/24/2024,Breach,Bind,Win,8,6,11,26,4,0.42,24,73,178,137,1
633,1,2,Gold 3,09/25/2024,KAY/O,Ascent,Win,2,7,26,3,5,8.67,65,8,80,110,0
634,1,3,Gold 3,09/26/2024,Cypher,Ascent,Win,2,0,18,21,1,0.86,-35,71,163,267,7
635,1,1,Gold 3,09/27/2024,Phoenix,Haven,Loss,4,7,23,21,19,1.1,-84,18,294,71,8
636,6,3,Gold 3,09/28/2024,Brimstone,Ascent,Loss,15,2,1,15,2,0.07,38,9,88,57,4
637,1,1,Gold 3,09/29/2024,Cypher,Fracture,Loss,2,11,13,28,7,0.46,58,66,194,207,1
638,1,1,Gold 3,09/30/2024,Brimstone,Fracture,Loss,6,14,14,29,17,0.48,36,29,81,119,9
639,3,1,Gold 3,10/01/2024,KAY/O,Bind,Win,3,5,4,3,18,1.33,4,98,160,21,3
640,4,3,Gold 3,10/02/2024,Brimstone,Fracture,Loss,4,13,3,5,17,0.6,-85,63,51,256,8
641,2,3,Gold 3,10/03/2024,KAY/O,Fracture,Loss,2,1,28,20,4,1.4,-84,26,66,245,6
642,5,1,Gold 3,10/04/2024,Phoenix,Ascent,Loss,3,7,13,11,13,1.18,-15,63,99,215,4
643,5,3,Gold 3,10/05/2024,KAY/O,Pearl,Win,1,1,14,24,10,0.58,-11,53,297,107,5
644,1,1,Gold 3,10/06/2024,Cypher,Pearl,Loss,12,6,4,4,3,1.0,-2,75,133,123,4
645,6,2,Gold 3,10/07/2024,Phoenix,Fracture,Loss,14,4,29,15,11,1.93,-74,54,261,36,4
646,2,2,Gold 3,10/08/2024,KAY/O,Split,Loss,8,1,27,5,0,5.4,51,11,281,40,3
647,2,1,Gold 3,10/09/2024,Brimstone,Lotus,Loss,9,0,0,10,15,0.0,-8,48,283,173,0
648,2,2,Gold 3,10/10/2024,Brimstone,Split,Loss,6,3,26,23,20,1.13,-46,74,73,184,6
649,5,3,Gold 3,10/11/2024,Breach,Lotus,Win,0,7,4,21,11,0.19,13,89,48,4,4
650,5,1,Gold 3,10/12/2024,Breach,Haven,Loss,5,8,19,19,0,1.0,9,24,243,139,1
651,3,1,Gold 3,10/13/2024,Cypher,Split,Loss,8,4,7,5,7,1.4,-45,94,256,173,0
652,6,3,Gold 3,10/14/2024,Cypher,Bind,Win,14,10,24,28,6,0.86,54,75,43,136,1
653,1,1,Gold 3,10/15/2024,Breach,Fracture,Win,12,7,29,18,8,1.61,-28,49,38,219,8
654,2,3,Gold 3,10/16/2024,Breach,Lotus,Win,15,11,25,28,20,0.89,-16,60,278,156,7
655,4,3,Gold 3,10/17/2024,Phoenix,Lotus,Win,12,5,18,24,12,0.75,83,65,287,229,9
656,3,3,Gold 3,10/18/2024,Breach,Pearl,Win,13,13,11,24,8,0.46,56,44,113,253,8
657,3,1,Gold 3,10/19/2024,Phoenix,Bind,Loss,0,12,24,1,8,24.0,-95,34,64,298,0
658,3,1,Gold 3,10/20/2024,Phoenix,Lotus,Win,11,0,15,4,4,3.75,-84,86,22,250,2
659,6,1,Gold 3,10/21/2024,KAY/O,Ascent,Loss,6,10,28,16,3,1.75,-50,49,51,251,10
660,1,2,Gold 3,10/22/2024,Phoenix,Haven,Loss,10,15,22,2,0,11.0,54,51,200,221,2
661,4,2,Gold 3,10/23/2024,Cypher,Fracture,Loss,0,5,4,5,10,0.8,77,22,9,37,6
662,4,1,Gold 3,10/24/2024,Cypher,Lotus,Loss,9,14,15,12,15,1.25,-67,68,229,231,1
663,4,1,Gold 3,10/25/2024,Cypher,Split,Win,12,6,21,11,12,1.91,-54,70,154,242,5
664,4,2,Gold 3,10/26/2024,Brimstone,Fracture,Win,2,11,16,20,8,0.8,-79,87,32,106,9
665,6,3,Gold 3,10/27/2024,Brimstone,Pearl,Loss,10,15,23,2,10,11.5,-82,34,267,283,6
666,4,1,Gold 3,10/28/2024,Breach,Fracture,Win,4,1,7,29,17,0.24,-29,92,157,160,7
667,1,3,Gold 3,10/29/2024,Brimstone,Lotus,Win,7,3,7,28,3,0.25,46,65,104,214,10
668,4,1,Gold 3,10/30/2024,Cypher,Fracture,Win,7,5,30,6,11,5.0,-71,15,179,75,2
669,1,3,Gold 3,10/31/2024,Phoenix,Icebox,Win,5,5,30,15,15,2.0,82,85,29,64,3
670,2,1,Gold 3,11/01/2024,Cypher,Icebox,Win,14,7,6,4,14,1.5,34,9,214,131,10
671,6,1,Gold 3,11/02/2024,Phoenix,Haven,Loss,12,1,7,1,11,7.0,93,70,255,233,9
672,3,2,Gold 3,11/03/2024,Breach,Bind,Win,15,8,7,14,1,0.5,-93,77,97,202,9
673,2,3,Gold 3,11/04/2024,Breach,Ascent,Win,11,10,13,30,5,0.43,-51,57,172,77,8
674,6,1,Gold 3,11/05/2024,Breach,Lotus,Loss,7,12,1,23,16,0.04,-35,12,130,110,7
675,6,3,Gold 3,11/06/2024,Breach,Fracture,Win,14,15,19,2,8,9.5,80,94,126,259,0
676,5,1,Gold 3,11/07/2024,Breach,Lotus,Win,0,3,24,2,9,12.0,96,96,161,221,6
677,3,3,Gold 3,11/08/2024,Brimstone,Split,Loss,10,3,4,17,8,0.24,26,62,240,205,5
678,4,1,Gold 3,11/09/2024,Cypher,Ascent,Loss,8,7,26,26,9,1.0,-76,23,123,205,7
679,2,3,Gold 3,11/10/2024,KAY/O,Haven,Loss,4,14,7,24,13,0.29,48,7,78,94,9
680,6,3,Gold 3,11/11/2024,Brimstone,Lotus,Win,3,2,30,3,1,10.0,34,10,225,196,6
681,3,1,Gold 3,11/12/2024,Phoenix,Pearl,Loss,10,1,11,20,10,0.55,48,49,13,260,0
682,3,2,Gold 3,11/13/2024,Cypher,Split,Win,3,10,5,29,14,0.17,-96,15,181,44,3
683,4,1,Gold 3,11/14/2024,Phoenix,Split,Loss,3,4,30,20,10,1.5,86,77,14,58,6
684,6,2,Gold 3,11/15/2024,Phoenix,Pearl,Loss,4,14,19,10,7,1.9,88,64,30,4,10
685,5,2,Gold 3,11/16/2024,Cypher,Fracture,Win,3,5,24,22,6,1.09,5,75,236,216,3
686,1,2,Gold 3,11/17/2024,Breach,Lotus,Loss,11,1,12,25,11,0.48,89,9,122,1,1
687,2,1,Gold 3,11/18/2024,Breach,Ascent,Win,13,2,25,27,4,0.93,-38,15,70,154,7
688,6,1,Gold 3,11/19/2024,Cypher,Split,Loss,2,5,3,16,0,0.19,56,71,7,195,1
689,1,2,Gold 3,11/20/2024,Cypher,Pearl,Loss,4,8,19,11,13,1.73,86,73,76,140,7
690,4,1,Gold 3,11/21/2024,KAY/O,Fracture,Loss,2,7,11,4,19,2.75,52,65,246,215,3
691,3,1,Gold 3,11/22/2024,Breach,Split,Loss,3,2,28,17,6,1.65,24,4,214,35,8
692,2,2,Gold 3,11/23/2024,Breach,Split,Loss,10,11,6,13,5,0.46,-47,50,142,0,5
693,6,3,Gold 3,11/24/2024,Breach,Haven,Win,9,3,17,11,15,1.55,-90,33,189,65,7
694,4,3,Gold 3,11/25/2024,Phoenix,Split,Win,7,15,24,23,8,1.04,42,7,209,162,3
695,3,1,Gold 3,11/26/2024,KAY/O,Pearl,Loss,7,9,11,24,0,0.46,89,69,41,221,4
696,6,3,Gold 3,11/27/2024,Breach,Fracture,Win,5,6,20,0,6,20.0,-65,47,94,60,9
697,5,3,Gold 3,11/28/2024,Brimstone,Ascent,Win,1,1,30,17,14,1.76,7,0,287,78,1
698,4,1,Gold 3,11/29/2024,Cypher,Bind,Win,7,10,30,6,12,5.0,-80,98,206,41,3
699,3,2,Gold 3,11/30/2024,KAY/O,Haven,Loss,1,6,7,26,2,0.27,-77,48,145,103,0
700,4,3,Gold 3,12/01/2024,Brimstone,Lotus,Win,0,2,2,25,20,0.08,47,70,211,213,10
701,4,3,Gold 3,12/02/2024,Cypher,Fracture,Loss,3,3,25,22,11,1.14,-16,58,106,106,8
702,2,2,Gold 3,12/03/2024,KAY/O,Fracture,Loss,11,9,14,20,8,0.7,89,25,34,179,5
703,5,3,Gold 3,12/04/2024,KAY/O,Pearl,Loss,0,4,3,7,6,0.43,-87,64,229,16,7
704,2,2,Gold 3,12/05/2024,Breach,Pearl,Loss,13,4,24,26,18,0.92,-26,67,177,253,3
705,2,3,Gold 3,12/06/2024,Breach,Fracture,Loss,0,11,16,29,17,0.55,-81,1,29,108,9
706,5,2,Gold 3,12/07/2024,Breach,Split,Win,2,2,9,8,14,1.12,0,74,115,159,9
707,3,3,Gold 3,12/08/2024,Phoenix,Icebox,Loss,1,4,26,7,2,3.71,27,25,32,190,1
708,3,1,Gold 3,12/09/2024,Brimstone,Bind,Loss,10,7,16,22,11,0.73,49,75,191,283,7
709,4,1,Gold 3,12/10/2024,Brimstone,Pearl,Win,5,10,26,8,20,3.25,-46,0,244,231,9
710,6,2,Gold 3,12/11/2024,Cypher,Pearl,Loss,15,3,21,21,5,1.0,14,73,93,70,9
711,3,2,Gold 3,12/12/2024,Phoenix,Ascent,Win,8,3,23,12,5,1.92,-38,38,186,33,1
712,2,3,Gold 3,12/13/2024,KAY/O,Bind,Win,3,13,2,21,0,0.1,90,61,3,182,10
713,5,1,Gold 3,12/14/2024,Breach,Ascent,Loss,12,6,24,23,8,1.04,-37,12,84,86,3
714,6,2,Gold 3,12/15/2024,Breach,Pearl,Win,1,12,26,22,2,1.18,92,29,166,14,4
715,6,3,Gold 3,12/16/2024,Cypher,Icebox,Win,5,9,11,6,10,1.83,-58,16,248,153,10
716,5,3,Gold 3,12/17/2024,Phoenix,Split,Loss,6,11,11,27,11,0.41,29,41,164,209,4
717,5,3,Gold 3,12/18/2024,KAY/O,Haven,Win,12,5,22,23,7,0.96,85,61,215,24,2
718,1,3,Gold 3,12/19/2024,Breach,Icebox,Loss,5,4,27,4,4,6.75,28,35,104,147,8
719,5,2,Gold 3,12/20/2024,Phoenix,Bind,Win,0,5,7,26,3,0.27,10,59,168,77,6
720,5,2,Gold 3,12/21/2024,Cypher,Haven,Win,9,13,17,27,15,0.63,-97,46,135,77,5
721,4,3,Gold 3,12/22/2024,KAY/O,Bind,Loss,15,7,2,22,9,0.09,-77,7,43,99,6
722,5,3,Gold 3,12/23/2024,Breach,Haven,Loss,13,5,11,25,12,0.44,-25,6,60,284,5
723,2,2,Gold 3,12/24/2024,KAY/O,Split,Loss,11,4,29,28,18,1.04,-38,80,42,124,6
724,1,3,Gold 3,12/25/2024,Phoenix,Split,Loss,1,3,6,5,0,1.2,20,44,267,277,1
725,1,3,Gold 3,12/26/2024,KAY/O,Haven,Win,10,5,13,15,5,0.87,55,68,180,280,2
726,4,1,Gold 3,12/27/2024,KAY/O,Ascent,Win,4,14,2,7,9,0.29,61,71,110,42,8
727,5,1,Gold 3,12/28/2024,Breach,Haven,Loss,7,0,17,14,4,1.21,50,78,58,199,2
728,3,1,Gold 3,12/29/2024,Breach,Pearl,Loss,1,12,3,20,1,0.15,40,8,104,53,0
729,6,3,Gold 3,12/30/2024,Breach,Haven,Win,12,7,11,25,3,0.44,-13,75,114,33,9
730,3,3,Gold 3,12/31/2024,Brimstone,Bind,Loss,14,13,21,9,11,2.33,-31,56,50,229,4
731,3,3,Gold 3,01/01/2025,KAY/O,Haven,Win,13,9,9,28,9,0.32,48,57,134,269,1
732,5,3,Gold 3,01/02/2025,Phoenix,Ascent,Loss,13,4,30,14,1,2.14,92,83,142,268,1
733,2,1,Gold 3,01/03/2025,Phoenix,Ascent,Loss,10,3,22,23,10,0.96,71,65,182,34,6
734,4,1,Gold 3,01/04/2025,KAY/O,Bind,Win,10,10,20,7,13,2.86,27,85,286,259,9
735,6,2,Gold 3,01/05/2025,Brimstone,Bind,Win,4,2,17,30,0,0.57,-90,81,149,146,4
736,2,2,Gold 3,01/06/2025,KAY/O,Lotus,Win,9,12,4,17,19,0.24,-73,43,11,236,10
737,4,2,Gold 3,01/07/2025,Cypher,Split,Loss,11,5,25,25,17,1.0,-71,19,91,295,8
738,5,3,Gold 3,01/08/2025,KAY/O,Split,Win,3,5,7,4,17,1.75,32,14,45,98,1
739,6,3,Gold 3,01/09/2025,Brimstone,Lotus,Loss,8,4,1,29,16,0.03,-88,57,86,146,10
740,1,3,Gold 3,01/10/2025,Phoenix,Ascent,Loss,3,10,17,3,7,5.67,-97,7,211,131,4
741,3,1,Gold 3,01/11/2025,Cypher,Haven,Loss,5,9,1,28,7,0.04,63,4,112,226,0
742,3,3,Gold 3,01/12/2025,Phoenix,Haven,Win,14,2,25,8,18,3.12,78,84,185,250,8
743,3,2,Gold 3,01/13/2025,Cypher,Lotus,Win,2,0,19,6,12,3.17,-61,27,207,183,6
744,4,3,Gold 3,01/14/2025,Cypher,Fracture,Loss,11,11,1,0,12,1.0,-36,48,68,85,2
745,6,3,Gold 3,01/15/2025,Phoenix,Lotus,Loss,4,12,26,29,3,0.9,-64,47,90,22,1
746,4,1,Gold 3,01/16/2025,Cypher,Fracture,Win,0,5,29,20,11,1.45,-92,42,208,233,7
747,1,3,Gold 3,01/17/2025,KAY/O,Fracture,Loss,12,7,21,20,6,1.05,-31,62,273,265,10
748,4,1,Gold 3,01/18/2025,Brimstone,Ascent,Win,4,13,12,9,20,1.33,30,73,103,249,2
749,4,2,Gold 3,01/19/2025,Brimstone,Fracture,Loss,2,13,16,16,5,1.0,-83,58,100,209,10
750,1,2,Gold 3,01/20/2025,Phoenix,Lotus,Loss,7,12,16,16,15,1.0,78,2,206,207,8
751,3,3,Gold 3,01/21/2025,KAY/O,Ascent,Loss,0,2,9,4,12,2.25,19,13,32,270,1
752,5,3,Gold 3,01/22/2025,Cypher,Lotus,Loss,2,6,8,5,0,1.6,-33,91,166,164,9
753,3,1,Gold 3,01/23/2025,Cypher,Lotus,Loss,10,10,17,28,13,0.61,-22,4,72,88,8
754,5,3,Gold 3,01/24/2025,Cypher,Bind,Loss,8,7,8,23,15,0.35,86,27,296,271,0
755,5,2,Gold 3,01/25/2025,Breach,Bind,Win,2,1,30,15,13,2.0,-99,79,98,15,4
756,2,2,Gold 3,01/26/2025,KAY/O,Lotus,Loss,9,6,27,17,11,1.59,-13,81,125,266,2
757,1,2,Gold 3,01/27/2025,KAY/O,Haven,Loss,3,10,11,30,6,0.37,94,51,65,12,1
758,5,1,Gold 3,01/28/2025,Phoenix,Bind,Loss,0,2,3,2,11,1.5,74,52,281,91,2
759,6,3,Gold 3,01/29/2025,KAY/O,Bind,Loss,14,8,0,0,5,0.0,-94,90,234,212,5
760,4,1,Gold 3,01/30/2025,Cypher,Icebox,Win,9,5,3,29,18,0.1,-84,95,100,223,10
761,3,2,Gold 3,01/31/2025,KAY/O,Ascent,Loss,5,13,19,8,2,2.38,79,80,65,299,0
762,4,2,Gold 3,02/01/2025,Breach,Haven,Loss,11,7,8,1,1,8.0,-55,38,164,188,7
763,2,1,Gold 3,02/02/2025,Brimstone,Split,Loss,1,6,3,6,12,0.5,74,25,107,189,2
764,1,1,Gold 3,02/03/2025,Cypher,Ascent,Loss,15,9,20,17,0,1.18,-22,87,267,223,7
765,5,1,Gold 3,02/04/2025,Phoenix,Lotus,Win,8,8,2,19,6,0.11,-68,97,57,299,0
766,4,3,Gold 3,02/05/2025,Cypher,Icebox,Win,4,7,10,16,20,0.62,42,80,31,293,7
767,5,2,Gold 3,02/06/2025,KAY/O,Bind,Win,3,10,18,24,16,0.75,-95,72,86,209,3
768,1,2,Gold 3,02/07/2025,Cypher,Split,Loss,14,2,30,7,16,4.29,96,97,166,109,2
769,4,1,Gold 3,02/08/2025,Brimstone,Pearl,Loss,6,13,19,29,19,0.66,45,23,156,247,0
770,6,1,Gold 3,02/09/2025,KAY/O,Pearl,Win,10,2,1,4,11,0.25,-31,34,78,268,10
771,2,2,Gold 3,02/10/2025,KAY/O,Haven,Loss,10,0,3,4,15,0.75,-70,77,82,21,9
772,1,2,Gold 3,02/11/2025,Phoenix,Bind,Loss,3,8,25,17,0,1.47,-32,8,36,75,7
773,4,2,Gold 3,02/12/2025,Breach,Pearl,Loss,2,5,28,10,11,2.8,18,18,151,239,0
774,5,1,Gold 3,02/13/2025,Brimstone,Haven,Win,5,8,6,0,0,6.0,100,66,114,79,4
775,6,2,Gold 3,02/14/2025,Brimstone,Fracture,Win,5,1,3,13,5,0.23,5,45,136,17,6
776,2,2,Gold 3,02/15/2025,KAY/O,Bind,Loss,1,5,9,3,13,3.0,95,42,242,206,10
777,3,2,Gold 3,02/16/2025,Brimstone,Ascent,Loss,1,8,7,16,9,0.44,-66,73,286,266,10
778,4,3,Gold 3,02/17/2025,Breach,Fracture,Loss,10,3,29,5,17,5.8,-9,23,191,200,2
779,5,2,Gold 3,02/18/2025,Cypher,Bind,Win,13,10,8,0,3,8.0,78,49,56,26,1
780,1,1,Gold 3,02/19/2025,KAY/O,Lotus,Loss,0,1,6,12,17,0.5,14,25,20,127,3
781,4,2,Gold 3,02/20/2025,KAY/O,Bind,Win,8,11,30,19,2,1.58,68,51,115,239,8
782,5,2,Gold 3,02/21/2025,Breach,Icebox,Win,14,15,17,11,15,1.55,-3,34,212,152,3
783,6,1,Gold 3,02/22/2025,KAY/O,Icebox,Loss,9,11,13,15,13,0.87,67,93,105,69,9
784,1,3,Gold 3,02/23/2025,Brimstone,Fracture,Loss,3,11,11,21,11,0.52,84,7,214,146,0
785,1,2,Gold 3,02/24/2025,Phoenix,Ascent,Loss,5,12,2,29,7,0.07,-69,55,138,269,8
786,1,2,Gold 3,02/25/2025,Brimstone,Pearl,Win,3,12,4,12,11,0.33,13,18,43,69,4
787,1,3,Gold 3,02/26/2025,Breach,Split,Loss,0,2,5,2,13,2.5,62,24,252,81,0
788,4,1,Gold 3,02/27/2025,Cypher,Fracture,Loss,10,9,20,4,3,5.0,5,59,202,244,10
789,2,2,Gold 3,02/28/2025,Brimstone,Icebox,Win,8,0,1,19,17,0.05,16,28,58,250,3
790,6,3,Gold 3,03/01/2025,KAY/O,Fracture,Win,9,5,27,20,1,1.35,-32,15,100,23,6
791,6,1,Gold 3,03/02/2025,Breach,Icebox,Win,6,6,6,1,15,6.0,79,73,260,257,5
792,1,1,Gold 3,03/03/2025,Breach,Lotus,Loss,12,2,24,25,12,0.96,27,4,216,116,10
793,1,2,Gold 3,03/04/2025,Brimstone,Fracture,Win,14,1,18,4,0,4.5,-31,62,131,158,0
794,5,1,Gold 3,03/05/2025,KAY/O,Lotus,Win,2,9,13,6,10,2.17,95,57,270,14,7
795,5,2,Gold 3,03/06/2025,Cypher,Fracture,Loss,12,5,13,30,16,0.43,87,36,87,252,4
796,1,2,Gold 3,03/07/2025,Breach,Bind,Loss,9,11,19,0,14,19.0,-80,26,132,128,1
797,2,3,Gold 3,03/08/2025,Breach,Pearl,Win,3,3,18,7,20,2.57,57,60,298,171,7
798,5,3,Gold 3,03/09/2025,Cypher,Haven,Win,9,7,1,5,13,0.2,-76,10,246,19,10
799,4,2,Gold 3,03/10/2025,Brimstone,Lotus,Win,0,4,8,20,2,0.4,-6,20,280,16,9
800,2,2,Gold 3,03/11/2025,Breach,Icebox,Loss,4,10,12,7,11,1.71,-51,52,282,16,5
801,3,3,Gold 3,03/12/2025,KAY/O,Split,Win,8,6,6,4,20,1.5,-87,37,116,64,8
802,4,3,Gold 3,03/13/2025,Brimstone,Ascent,Loss,4,7,10,0,15,10.0,79,14,34,106,0
803,2,3,Gold 3,03/14/2025,Brimstone,Bind,Loss,5,8,16,18,6,0.89,-88,23,24,123,4
804,2,3,Gold 3,03/15/2025,KAY/O,Split,Loss,1,9,18,20,1,0.9,-75,50,60,137,9
805,6,1,Gold 3,03/16/2025,Brimstone,Ascent,Loss,8,14,30,16,10,1.88,-90,67,63,82,5
806,2,1,Gold 3,03/17/2025,Breach,Lotus,Win,12,9,25,30,11,0.83,44,45,81,281,3
807,4,3,Gold 3,03/18/2025,Brimstone,Split,Loss,5,12,22,19,19,1.16,22,89,162,183,1
808,5,1,Gold 3,03/19/2025,Brimstone,Pearl,Win,6,14,0,11,9,0.0,83,82,56,256,9
809,3,2,Gold 3,03/20/2025,Cypher,Icebox,Win,14,14,16,9,17,1.78,-76,53,286,106,3
810,4,2,Gold 3,03/21/2025,Cypher,Ascent,Loss,11,10,22,16,9,1.38,-81,96,88,272,9
811,1,3,Gold 3,03/22/2025,Cypher,Icebox,Win,0,7,21,7,16,3.0,-71,46,71,242,9
812,3,2,Gold 3,03/23/2025,Cypher,Lotus,Win,0,7,6,27,9,0.22,-54,14,73,187,7
813,4,1,Gold 3,03/24/2025,KAY/O,Haven,Win,12,2,23,29,0,0.79,-53,61,36,203,4
814,2,1,Gold 3,03/25/2025,Brimstone,Icebox,Win,6,14,10,20,0,0.5,-67,17,282,148,8
815,3,2,Gold 3,03/26/2025,KAY/O,Split,Win,7,3,23,5,17,4.6,-14,22,151,59,7
816,2,1,Gold 3,03/27/2025,Brimstone,Bind,Loss,9,9,15,22,13,0.68,82,81,286,162,5
817,1,1,Gold 3,03/28/2025,Breach,Pearl,Loss,12,8,24,28,6,0.86,-52,75,257,104,1
818,5,2,Gold 3,03/29/2025,Cypher,Split,Win,11,3,9,30,19,0.3,54,5,42,29,5
819,6,2,Gold 3,03/30/2025,Cypher,Bind,Win,9,15,17,1,6,17.0,90,10,54,98,10
820,4,2,Gold 3,03/31/2025,Brimstone,Split,Loss,8,6,26,18,12,1.44,87,56,186,88,5
821,4,1,Gold 3,04/01/2025,Phoenix,Icebox,Loss,15,15,27,17,16,1.59,-13,54,263,118,1
822,1,1,Gold 3,04/02/2025,KAY/O,Lotus,Loss,11,8,2,27,7,0.07,35,80,36,85,4
823,1,2,Gold 3,04/03/2025,Phoenix,Split,Loss,0,7,30,15,12,2.0,100,17,218,0,10
824,4,2,Gold 3,04/04/2025,KAY/O,Bind,Win,4,4,12,21,12,0.57,-50,67,300,110,6
825,1,2,Gold 3,04/05/2025,Brimstone,Fracture,Win,10,2,28,22,10,1.27,-24,56,147,94,7
826,4,3,Gold 3,04/06/2025,Cypher,Lotus,Win,11,10,7,4,13,1.75,-14,64,176,15,2
827,2,2,Gold 3,04/07/2025,Phoenix,Fracture,Loss,8,3,26,25,8,1.04,-21,71,21,106,2
828,3,1,Gold 3,04/08/2025,Brimstone,Split,Win,6,8,8,23,1,0.35,37,24,202,101,6
829,5,1,Gold 3,04/09/2025,Cypher,Pearl,Win,11,8,29,27,15,1.07,-2,54,254,224,5
830,2,2,Gold 3,04/10/2025,KAY/O,Pearl,Loss,11,11,17,7,7,2.43,-81,11,209,175,8
831,1,1,Gold 3,04/11/2025,KAY/O,Ascent,Loss,5,10,8,5,15,1.6,-33,64,25,88,2
832,4,3,Gold 3,04/12/2025,Brimstone,Ascent,Win,15,15,3,2,8,1.5,-46,27,120,219,6
833,2,2,Gold 3,04/13/2025,Cypher,Lotus,Loss,13,6,0,9,8,0.0,96,93,257,235,4
834,6,1,Gold 3,04/14/2025,KAY/O,Fracture,Win,8,4,2,19,18,0.11,-17,62,43,84,5
835,2,2,Gold 3,04/15/2025,Phoenix,Icebox,Loss,10,10,3,23,4,0.13,16,2,154,280,10
836,1,1,Gold 3,04/16/2025,Brimstone,Pearl,Loss,9,12,9,20,4,0.45,60,80,250,222,6
837,3,2,Gold 3,04/17/2025,Cypher,Fracture,Win,12,9,1,3,13,0.33,80,74,259,289,0
838,6,2,Gold 3,04/18/2025,KAY/O,Icebox,Win,7,14,14,17,16,0.82,26,34,20,260,1
839,1,1,Gold 3,04/19/2025,Cypher,Lotus,Loss,6,10,19,12,16,1.58,37,9,127,1,9
840,3,3,Gold 3,04/20/2025,KAY/O,Ascent,Loss,6,11,13,24,16,0.54,-16,51,228,293,1
841,4,2,Gold 3,04/21/2025,Cypher,Bind,Win,0,9,28,11,7,2.55,-42,83,73,263,2
842,2,3,Gold 3,04/22/2025,KAY/O,Split,Loss,8,12,27,13,18,2.08,23,53,186,268,1
843,5,2,Gold 3,04/23/2025,Brimstone,Icebox,Win,0,13,8,22,16,0.36,-1,43,122,204,4
844,6,3,Gold 3,04/24/2025,KAY/O,Lotus,Loss,11,12,13,11,15,1.18,-61,33,190,247,4
845,6,3,Gold 3,04/25/2025,Cypher,Haven,Win,1,10,24,13,6,1.85,-59,23,192,41,10
846,2,1,Gold 3,04/26/2025,KAY/O,Pearl,Win,10,15,20,23,3,0.87,52,40,49,35,4
847,4,2,Gold 3,04/27/2025,Cypher,Haven,Win,12,11,2,25,5,0.08,-89,33,283,231,9
848,6,3,Gold 3,04/28/2025,Breach,Ascent,Win,5,6,23,16,6,1.44,35,20,40,126,1
849,5,2,Gold 3,04/29/2025,Phoenix,Ascent,Loss,2,2,21,4,10,5.25,-73,13,229,121,2
850,1,2,Gold 3,04/30/2025,KAY/O,Fracture,Loss,4,6,2,3,7,0.67,3,65,11,141,7
851,2,2,Gold 3,05/01/2025,Brimstone,Haven,Loss,6,8,7,23,1,0.3,2,32,191,182,6
852,3,3,Gold 3,05/02/2025,Brimstone,Bind,Win,2,1,7,1,8,7.0,-6,32,141,60,5
853,2,2,Gold 3,05/03/2025,Phoenix,Bind,Win,11,1,13,4,1,3.25,17,25,217,87,7
854,5,3,Gold 3,05/04/2025,Phoenix,Split,Loss,1,15,11,23,4,0.48,42,21,294,9,8
855,3,3,Gold 3,05/05/2025,KAY/O,Fracture,Loss,7,13,13,4,12,3.25,-95,15,249,67,5
856,5,1,Gold 3,05/06/2025,Breach,Haven,Win,0,14,8,4,5,2.0,-57,87,246,129,3
857,2,3,Gold 3,05/07/2025,Breach,Icebox,Loss,2,4,9,16,10,0.56,-91,82,190,16,5
858,3,3,Gold 3,05/08/2025,Brimstone,Haven,Win,3,5,18,5,8,3.6,-71,18,285,237,0
859,4,3,Gold 3,05/09/2025,Breach,Lotus,Win,14,5,0,25,19,0.0,-75,88,55,76,10
860,1,3,Gold 3,05/10/2025,KAY/O,Lotus,Loss,3,1,12,21,5,0.57,-38,42,61,243,5
861,6,3,Gold 3,05/11/2025,Cypher,Fracture,Win,6,12,29,15,5,1.93,-49,15,267,93,8
862,3,3,Gold 3,05/12/2025,Cypher,Icebox,Win,10,13,15,4,11,3.75,56,17,80,20,5
863,6,3,Gold 3,05/13/2025,KAY/O,Fracture,Loss,3,6,9,18,16,0.5,40,65,204,131,4
864,4,1,Gold 3,05/14/2025,Phoenix,Ascent,Loss,11,0,9,12,16,0.75,40,18,293,236,2
865,1,2,Gold 3,05/15/2025,KAY/O,Icebox,Loss,6,12,22,23,16,0.96,-33,25,207,33,9
866,3,1,Gold 3,05/16/2025,Brimstone,Bind,Loss,11,10,29,6,18,4.83,50,87,226,171,2
867,5,2,Gold 3,05/17/2025,KAY/O,Lotus,Loss,3,8,11,30,1,0.37,-70,74,233,34,4
868,2,2,Gold 3,05/18/2025,Phoenix,Icebox,Win,4,4,13,2,3,6.5,-89,68,264,47,0
869,1,1,Gold 3,05/19/2025,Brimstone,Bind,Win,2,11,27,26,12,1.04,-36,25,6,83,9
870,5,1,Gold 3,05/20/2025,KAY/O,Pearl,Loss,13,14,9,8,1,1.12,-99,25,283,205,6
871,3,1,Gold 3,05/21/2025,Phoenix,Fracture,Win,2,4,8,10,19,0.8,-1,14,222,3,8
872,4,1,Gold 3,05/22/2025,KAY/O,Ascent,Win,0,4,23,18,15,1.28,1,56,251,214,8
873,5,3,Gold 3,05/23/2025,Cypher,Haven,Win,2,8,0,20,7,0.0,38,41,146,94,2
874,2,1,Gold 3,05/24/2025,KAY/O,Split,Loss,10,11,23,5,4,4.6,26,39,76,139,9
875,4,3,Gold 3,05/25/2025,Cypher,Lotus,Loss,15,14,5,22,7,0.23,100,7,2,230,5
876,2,1,Gold 3,05/26/2025,Cypher,Lotus,Win,3,2,13,6,6,2.17,91,55,170,239,7
877,1,3,Gold 3,05/27/2025,KAY/O,Ascent,Loss,14,7,6,15,16,0.4,11,38,181,199,1
878,4,1,Gold 3,05/28/2025,Breach,Lotus,Loss,1,0,8,4,3,2.0,20,62,94,251,10
879,2,3,Gold 3,05/29/2025,Phoenix,Icebox,Loss,14,0,19,23,6,0.83,-70,97,153,0,0
880,3,2,Gold 3,05/30/2025,Cypher,Pearl,Loss,6,4,3,3,16,1.0,-5,93,257,123,2
881,4,3,Gold 3,05/31/2025,Breach,Icebox,Loss,9,1,3,30,20,0.1,62,77,99,216,2
882,2,2,Gold 3,06/01/2025,Phoenix,Pearl,Loss,10,11,5,27,10,0.19,-61,14,141,44,6
883,3,2,Gold 3,06/02/2025,Phoenix,Fracture,Win,10,13,3,2,11,1.5,-74,30,145,88,8
884,1,2,Gold 3,06/03/2025,Breach,Lotus,Loss,2,1,4,21,3,0.19,24,9,132,60,1
885,3,2,Gold 3,06/04/2025,KAY/O,Icebox,Loss,10,9,0,16,17,0.0,20,84,220,150,0
886,6,1,Gold 3,06/05/2025,KAY/O,Split,Win,7,0,30,17,17,1.76,80,12,227,144,7
887,5,1,Gold 3,06/06/2025,Brimstone,Lotus,Loss,4,11,12,20,7,0.6,70,38,125,171,3
888,2,3,Gold 3,06/07/2025,Phoenix,Icebox,Loss,9,12,25,19,8,1.32,-61,32,86,161,9
889,2,2,Gold 3,06/08/2025,Phoenix,Lotus,Win,13,6,18,6,1,3.0,19,10,283,200,2
890,4,2,Gold 3,06/09/2025,KAY/O,Bind,Win,8,6,0,13,15,0.0,-24,65,296,277,8
891,2,1,Gold 3,06/10/2025,Cypher,Lotus,Win,3,3,13,25,5,0.52,-40,27,154,68,1
892,1,1,Gold 3,06/11/2025,Cypher,Split,Win,5,12,29,6,4,4.83,74,11,141,126,5
893,3,1,Gold 3,06/12/2025,Cypher,Ascent,Loss,0,9,29,23,19,1.26,-20,53,269,110,8
894,5,3,Gold 3,06/13/2025,Breach,Bind,Loss,0,14,2,28,19,0.07,-31,85,230,59,1
895,3,1,Gold 3,06/14/2025,Cypher,Haven,Loss,10,11,18,11,9,1.64,53,37,85,267,1
896,4,2,Gold 3,06/15/2025,Cypher,Icebox,Loss,1,1,3,23,20,0.13,62,84,139,13,8
897,4,1,Gold 3,06/16/2025,Cypher,Fracture,Loss,12,12,20,27,16,0.74,-44,22,250,78,8
898,6,1,Gold 3,06/17/2025,Brimstone,Bind,Loss,13,13,8,24,8,0.33,-38,55,147,220,1
899,3,3,Gold 3,06/18/2025,Cypher,Fracture,Win,15,15,1,7,3,0.14,-59,77,39,224,7
900,4,3,Gold 3,06/19/2025,Phoenix,Icebox,Loss,7,1,19,27,17,0.7,-10,27,103,243,1
901,4,2,Gold 3,06/20/2025,Brimstone,Pearl,Loss,7,0,28,6,15,4.67,-72,98,285,272,0
902,1,2,Gold 3,06/21/2025,Breach,Split,Win,4,4,29,18,3,1.61,51,45,35,24,10
903,2,1,Gold 3,06/22/2025,Breach,Icebox,Win,3,1,28,15,5,1.87,-37,88,65,1,3
904,3,1,Gold 3,06/23/2025,Cypher,Haven,Loss,4,9,17,15,6,1.13,-23,89,153,105,2
905,6,3,Gold 3,06/24/2025,Cypher,Pearl,Loss,12,7,22,6,5,3.67,-87,79,158,142,10
906,1,1,Gold 3,06/25/2025,Cypher,Split,Win,3,6,7,7,3,1.0,64,91,92,139,10
907,2,2,Gold 3,06/26/2025,KAY/O,Split,Win,12,12,27,24,14,1.12,91,71,115,98,9
908,5,3,Gold 3,06/27/2025,Breach,Ascent,Loss,6,13,7,3,19,2.33,-41,94,258,40,6
909,6,1,Gold 3,06/28/2025,Breach,Pearl,Loss,12,10,16,23,8,0.7,50,63,35,179,9
910,4,2,Gold 3,06/29/2025,Brimstone,Fracture,Loss,13,3,20,0,5,20.0,32,4,186,54,10
911,6,3,Gold 3,06/30/2025,Phoenix,Bind,Win,8,2,5,1,6,5.0,-81,77,44,3,7
912,1,3,Gold 3,07/01/2025,Brimstone,Lotus,Win,11,4,3,23,2,0.13,56,53,74,210,5
913,1,3,Gold 3,07/02/2025,KAY/O,Ascent,Loss,3,10,18,9,20,2.0,-58,39,20,169,2
914,6,1,Gold 3,07/03/2025,Breach,Ascent,Win,12,5,16,13,13,1.23,-89,27,129,86,9
915,2,2,Gold 3,07/04/2025,Phoenix,Ascent,Loss,5,14,4,15,19,0.27,-10,37,251,228,9
916,1,2,Gold 3,07/05/2025,Cypher,Lotus,Win,4,3,17,3,16,5.67,-17,88,129,297,1
917,4,1,Gold 3,07/06/2025,Brimstone,Icebox,Loss,4,7,12,11,17,1.09,-82,59,268,25,1
918,3,1,Gold 3,07/07/2025,Breach,Icebox,Win,8,8,10,28,20,0.36,15,99,257,216,3
919,2,2,Gold 3,07/08/2025,Phoenix,Bind,Win,14,13,2,20,13,0.1,-83,17,137,56,2
920,6,1,Gold 3,07/09/2025,Phoenix,Lotus,Loss,6,10,4,5,12,0.8,60,5,32,8,3
921,3,1,Gold 3,07/10/2025,Cypher,Bind,Win,8,13,28,2,14,14.0,2,97,230,234,0
922,1,1,Gold 3,07/11/2025,Breach,Fracture,Win,12,5,14,20,13,0.7,-83,54,234,203,3
923,1,2,Gold 3,07/12/2025,Breach,Pearl,Win,13,3,0,0,14,0.0,33,52,112,106,6
924,5,3,Gold 3,07/13/2025,Breach,Lotus,Loss,11,0,29,6,4,4.83,25,96,121,24,0
925,3,3,Gold 3,07/14/2025,Cypher,Bind,Loss,2,6,16,3,11,5.33,-53,15,220,291,6
926,2,1,Gold 3,07/15/2025,KAY/O,Fracture,Loss,7,8,16,8,13,2.0,98,87,127,266,1
927,5,1,Gold 3,07/16/2025,Brimstone,Pearl,Win,11,9,20,14,18,1.43,-8,92,156,125,2
928,2,1,Gold 3,07/17/2025,Brimstone,Split,Win,8,11,8,19,0,0.42,80,7,31,129,2
929,6,3,Gold 3,07/18/2025,Cypher,Split,Loss,8,9,8,23,15,0.35,-76,73,152,203,7
930,6,1,Gold 3,07/19/2025,Breach,Split,Loss,12,15,21,1,19,21.0,91,11,206,155,10
931,3,3,Gold 3,07/20/2025,Phoenix,Lotus,Win,13,13,28,13,12,2.15,-93,11,255,145,7
932,5,3,Gold 3,07/21/2025,Cypher,Split,Loss,11,2,30,30,19,1.0,19,58,215,128,3
933,5,3,Gold 3,07/22/2025,KAY/O,Ascent,Win,10,2,30,11,16,2.73,80,61,256,87,3
934,2,1,Gold 3,07/23/2025,Phoenix,Pearl,Win,0,6,12,28,9,0.43,-96,6,240,30,0
935,6,2,Gold 3,07/24/2025,Phoenix,Haven,Win,5,2,13,8,18,1.62,72,18,186,120,0
936,2,3,Gold 3,07/25/2025,Phoenix,Split,Loss,8,0,27,11,8,2.45,0,99,189,137,2
937,2,1,Gold 3,07/26/2025,Cypher,Lotus,Loss,15,0,0,10,19,0.0,-47,54,129,68,9
938,1,2,Gold 3,07/27/2025,KAY/O,Icebox,Win,15,12,28,21,11,1.33,34,61,129,80,3
939,5,3,Gold 3,07/28/2025,KAY/O,Lotus,Win,12,3,20,21,14,0.95,-65,71,220,259,1
940,1,2,Gold 3,07/29/2025,Phoenix,Pearl,Win,13,5,21,28,7,0.75,59,74,253,13,6
941,2,1,Gold 3,07/30/2025,Brimstone,Ascent,Win,14,4,18,30,3,0.6,-93,45,61,188,7
942,3,1,Gold 3,07/31/2025,Cypher,Lotus,Loss,5,6,9,23,1,0.39,-56,38,201,253,10
943,1,2,Gold 3,08/01/2025,Cypher,Lotus,Win,15,5,21,1,9,21.0,6,87,37,142,8
944,6,2,Gold 3,08/02/2025,Breach,Fracture,Win,8,2,11,0,2,11.0,63,87,293,227,9
945,1,1,Gold 3,08/03/2025,Phoenix,Pearl,Win,12,8,12,27,11,0.44,77,71,80,122,6
946,1,1,Gold 3,08/04/2025,Cypher,Split,Loss,15,7,24,21,17,1.14,-33,19,101,41,8
947,6,2,Gold 3,08/05/2025,Cypher,Icebox,Win,1,1,15,0,7,15.0,61,95,227,217,5
948,1,2,Gold 3,08/06/2025,Phoenix,Icebox,Win,10,1,28,1,9,28.0,-46,43,232,10,1
949,3,1,Gold 3,08/07/2025,Cypher,Ascent,Loss,4,2,25,17,20,1.47,100,20,177,198,3
950,3,3,Gold 3,08/08/2025,Breach,Ascent,Win,8,14,28,19,15,1.47,23,67,257,228,1
951,2,2,Gold 3,08/09/2025,KAY/O,Pearl,Win,4,1,26,23,14,1.13,-76,31,102,2,0
952,3,1,Gold 3,08/10/2025,Phoenix,Fracture,Loss,10,1,13,18,10,0.72,66,81,103,198,2
953,6,2,Gold 3,08/11/2025,Phoenix,Lotus,Loss,14,2,24,12,5,2.0,17,46,244,6,9
954,3,3,Gold 3,08/12/2025,Phoenix,Ascent,Loss,6,0,4,17,3,0.24,-25,14,188,70,4
955,4,3,Gold 3,08/13/2025,KAY/O,Pearl,Win,15,7,15,18,20,0.83,36,39,169,261,5
956,5,1,Gold 3,08/14/2025,KAY/O,Icebox,Loss,1,13,6,3,3,2.0,-62,47,8,68,3
957,3,1,Gold 3,08/15/2025,KAY/O,Bind,Win,8,14,12,0,10,12.0,-96,6,271,12,6
958,4,2,Gold 3,08/16/2025,Brimstone,Ascent,Win,11,0,5,24,10,0.21,-59,59,271,296,5
959,2,3,Gold 3,08/17/2025,Phoenix,Icebox,Loss,15,4,11,21,12,0.52,-63,35,297,289,6
960,5,3,Gold 3,08/18/2025,Breach,Bind,Loss,13,3,9,13,2,0.69,4,45,278,94,0
961,6,3,Gold 3,08/19/2025,Cypher,Bind,Win,9,11,20,18,12,1.11,-42,76,21,122,0
962,5,3,Gold 3,08/20/2025,Phoenix,Split,Loss,6,0,24,16,5,1.5,96,21,64,205,6
963,5,2,Gold 3,08/21/2025,Breach,Haven,Win,0,15,23,30,8,0.77,40,38,170,110,0
964,2,3,Gold 3,08/22/2025,Phoenix,Split,Win,2,12,11,30,11,0.37,-94,98,192,19,1
965,4,1,Gold 3,08/23/2025,Brimstone,Split,Loss,14,9,2,22,15,0.09,-18,25,207,2,3
966,5,2,Gold 3,08/24/2025,Cypher,Pearl,Win,4,9,17,17,0,1.0,-17,31,141,257,3
967,5,3,Gold 3,08/25/2025,Brimstone,Icebox,Loss,5,5,6,4,17,1.5,-99,48,13,42,3
968,5,1,Gold 3,08/26/2025,Phoenix,Ascent,Loss,12,8,28,3,3,9.33,13,7,232,110,8
969,4,3,Gold 3,08/27/2025,Brimstone,Ascent,Loss,10,0,5,5,7,1.0,40,17,196,273,2
970,4,2,Gold 3,08/28/2025,Cypher,Haven,Loss,15,11,24,18,2,1.33,-86,38,167,68,9
971,1,3,Gold 3,08/29/2025,KAY/O,Split,Loss,0,15,13,27,10,0.48,-91,61,82,21,5
972,6,2,Gold 3,08/30/2025,Breach,Icebox,Win,10,2,5,24,0,0.21,-86,51,37,146,9
973,4,1,Gold 3,08/31/2025,KAY/O,Pearl,Loss,7,8,19,30,7,0.63,70,45,49,239,7
974,3,1,Gold 3,09/01/2025,Brimstone,Ascent,Loss,6,12,6,23,16,0.26,80,54,244,150,5
975,4,3,Gold 3,09/02/2025,Phoenix,Icebox,Loss,12,2,2,4,20,0.5,96,46,155,76,2
976,5,2,Gold 3,09/03/2025,Brimstone,Ascent,Win,6,6,1,2,3,0.5,-23,43,180,79,4
977,6,2,Gold 3,09/04/2025,Cypher,Pearl,Win,7,8,26,25,13,1.04,-29,62,68,186,2
978,2,2,Gold 3,09/05/2025,KAY/O,Ascent,Loss,6,1,29,3,18,9.67,-70,65,192,154,6
979,2,1,Gold 3,09/06/2025,Cypher,Bind,Win,12,4,9,9,10,1.0,24,26,177,202,0
980,4,3,Gold 3,09/07/2025,Brimstone,Fracture,Win,5,14,7,7,20,1.0,-63,95,124,133,9
981,3,1,Gold 3,09/08/2025,Brimstone,Icebox,Loss,5,12,29,6,20,4.83,99,26,252,189,2
982,4,1,Gold 3,09/09/2025,Cypher,Lotus,Loss,14,3,27,16,7,1.69,2,80,32,224,5
983,3,3,Gold 3,09/10/2025,Brimstone,Haven,Loss,12,10,8,2,5,4.0,-76,73,259,96,9
984,6,2,Gold 3,09/11/2025,Brimstone,Icebox,Loss,1,4,11,15,4,0.73,-62,0,81,276,8
985,4,1,Gold 3,09/12/2025,Brimstone,Ascent,Win,14,9,11,25,10,0.44,-84,59,72,165,4
986,1,2,Gold 3,09/13/2025,Breach,Split,Win,12,6,19,30,13,0.63,-9,47,272,114,4
987,3,2,Gold 3,09/14/2025,KAY/O,Ascent,Loss,1,11,1,28,19,0.04,30,42,180,248,5
988,3,1,Gold 3,09/15/2025,KAY/O,Haven,Loss,8,11,4,11,14,0.36,-91,56,263,296,5
989,6,1,Gold 3,09/16/2025,Breach,Ascent,Win,1,1,4,28,8,0.14,-22,37,291,252,9
990,6,1,Gold 3,09/17/2025,Brimstone,Bind,Win,5,3,0,20,13,0.0,-49,47,233,183,5
991,3,1,Gold 3,09/18/2025,KAY/O,Split,Win,2,15,7,5,19,1.4,49,66,213,221,7
992,3,2,Gold 3,09/19/2025,Cypher,Ascent,Loss,11,3,2,13,18,0.15,-97,8,293,20,8
993,5,1,Gold 3,09/20/2025,Brimstone,Haven,Win,14,11,10,24,0,0.42,9,98,295,176,6
994,1,2,Gold 3,09/21/2025,Phoenix,Bind,Loss,0,10,28,3,3,9.33,39,95,48,163,8
995,4,2,Gold 3,09/22/2025,Breach,Split,Loss,10,13,10,22,20,0.45,-8,21,138,249,6
996,5,1,Gold 3,09/23/2025,KAY/O,Pearl,Loss,0,1,18,13,6,1.38,2,41,207,41,7
997,6,3,Gold 3,09/24/2025,Brimstone,Pearl,Win,8,12,0,4,15,0.0,-63,35,227,224,10
998,3,3,Gold 3,09/25/2025,Breach,Fracture,Win,7,9,19,5,4,3.8,-97,80,98,77,9
999,4,1,Gold 3,09/26/2025,Cypher,Fracture,Win,7,1,26,27,1,0.96,42,39,170,0,9
1000,3,3,Gold 3,09/27/2025,KAY/O,Pearl,Win,1,1,1,8,12,0.12,23,49,205,200,9
